分区方案,计费分区,费用类型,计费单位,开始重量段,截止重量段,价格值,折扣
郑州邮政小包PLUS,1,挂号费,票,0.000000,2.000000,10.000000,0.850000
郑州邮政小包PLUS,2,挂号费,票,0.000000,2.000000,10.000000,0.850000
郑州邮政小包PLUS,3,挂号费,票,0.000000,2.000000,8.000000,0.850000
郑州邮政小包PLUS,4,挂号费,票,0.000000,2.000000,8.000000,0.850000
郑州邮政小包PLUS,5,挂号费,票,0.000000,2.000000,8.000000,0.850000
郑州邮政小包PLUS,6,挂号费,票,0.000000,2.000000,8.000000,0.850000
郑州邮政小包PLUS,7,挂号费,票,0.000000,2.000000,8.000000,0.850000
郑州邮政小包PLUS,8,挂号费,票,0.000000,2.000000,8.000000,0.850000
深圳邮政小包PLUS分区,1,挂号费,票,0.000000,2.000000,10.000000,1.000000
深圳邮政小包PLUS分区,2,挂号费,票,0.000000,2.000000,10.000000,1.000000
深圳邮政小包PLUS分区,3,挂号费,票,0.000000,2.000000,8.000000,1.000000
深圳邮政小包PLUS分区,4,挂号费,票,0.000000,2.000000,8.000000,1.000000
深圳邮政小包PLUS分区,5,挂号费,票,0.000000,2.000000,8.000000,1.000000
深圳邮政小包PLUS分区,6,挂号费,票,0.000000,2.000000,8.000000,1.000000
深圳邮政小包PLUS分区,7,挂号费,票,0.000000,2.000000,8.000000,1.000000
深圳邮政小包PLUS分区,8,挂号费,票,0.000000,2.000000,8.000000,1.000000
燕文中邮PLUS,1,挂号费,票,0.000000,2.000000,10.000000,1.000000
燕文中邮PLUS,2,挂号费,票,0.000000,2.000000,10.000000,1.000000
燕文中邮PLUS,3,挂号费,票,0.000000,2.000000,8.000000,1.000000
燕文中邮PLUS,4,挂号费,票,0.000000,2.000000,8.000000,1.000000
燕文中邮PLUS,5,挂号费,票,0.000000,2.000000,8.000000,1.000000
燕文中邮PLUS,6,挂号费,票,0.000000,2.000000,8.000000,1.000000
燕文中邮PLUS,7,挂号费,票,0.000000,2.000000,8.000000,1.000000
燕文中邮PLUS,8,挂号费,票,0.000000,2.000000,8.000000,1.000000
杭州E邮宝线下分区NEW,1,单票费,票,0.000000,0.001000,7.650000,1.000000
杭州E邮宝线下分区NEW,1,单票费,票,0.001000,0.002000,7.650000,1.000000
杭州E邮宝线下分区NEW,1,单票费,票,0.002000,0.003000,7.650000,1.000000
杭州E邮宝线下分区NEW,1,单票费,票,0.003000,0.004000,7.650000,1.000000
杭州E邮宝线下分区NEW,1,单票费,票,0.004000,0.005000,7.650000,1.000000
杭州E邮宝线下分区NEW,1,单票费,票,0.005000,0.006000,7.650000,1.000000
杭州E邮宝线下分区NEW,1,单票费,票,0.006000,0.007000,7.650000,1.000000
杭州E邮宝线下分区NEW,1,单票费,票,0.007000,0.008000,7.650000,1.000000
杭州E邮宝线下分区NEW,1,单票费,票,0.008000,0.009000,7.650000,1.000000
杭州E邮宝线下分区NEW,1,单票费,票,0.009000,0.010000,7.650000,1.000000
杭州E邮宝线下分区NEW,1,单票费,票,0.010000,0.011000,7.650000,1.000000
杭州E邮宝线下分区NEW,1,单票费,票,0.011000,0.012000,7.650000,1.000000
杭州E邮宝线下分区NEW,1,单票费,票,0.012000,0.013000,7.650000,1.000000
杭州E邮宝线下分区NEW,1,单票费,票,0.013000,0.014000,7.650000,1.000000
杭州E邮宝线下分区NEW,1,单票费,票,0.014000,0.015000,7.650000,1.000000
杭州E邮宝线下分区NEW,1,单票费,票,0.015000,0.016000,7.650000,1.000000
杭州E邮宝线下分区NEW,1,单票费,票,0.016000,0.017000,7.650000,1.000000
杭州E邮宝线下分区NEW,1,单票费,票,0.017000,0.018000,7.650000,1.000000
杭州E邮宝线下分区NEW,1,单票费,票,0.018000,0.019000,7.650000,1.000000
杭州E邮宝线下分区NEW,1,单票费,票,0.019000,0.020000,7.650000,1.000000
杭州E邮宝线下分区NEW,1,单票费,票,0.020000,0.021000,7.650000,1.000000
杭州E邮宝线下分区NEW,1,单票费,票,0.021000,0.022000,7.650000,1.000000
杭州E邮宝线下分区NEW,1,单票费,票,0.022000,0.023000,7.650000,1.000000
杭州E邮宝线下分区NEW,1,单票费,票,0.023000,0.024000,7.650000,1.000000
杭州E邮宝线下分区NEW,1,单票费,票,0.024000,0.025000,7.650000,1.000000
杭州E邮宝线下分区NEW,1,单票费,票,0.025000,0.026000,7.650000,1.000000
杭州E邮宝线下分区NEW,1,单票费,票,0.026000,0.027000,7.650000,1.000000
杭州E邮宝线下分区NEW,1,单票费,票,0.027000,0.028000,7.650000,1.000000
杭州E邮宝线下分区NEW,1,单票费,票,0.028000,0.029000,7.650000,1.000000
杭州E邮宝线下分区NEW,1,单票费,票,0.029000,0.030000,7.650000,1.000000
杭州E邮宝线下分区NEW,1,单票费,票,0.030000,0.031000,7.650000,1.000000
杭州E邮宝线下分区NEW,1,单票费,票,0.031000,0.032000,7.650000,1.000000
杭州E邮宝线下分区NEW,1,单票费,票,0.032000,0.033000,7.650000,1.000000
杭州E邮宝线下分区NEW,1,单票费,票,0.033000,0.034000,7.650000,1.000000
杭州E邮宝线下分区NEW,1,单票费,票,0.034000,0.035000,7.650000,1.000000
杭州E邮宝线下分区NEW,1,单票费,票,0.035000,0.036000,7.650000,1.000000
杭州E邮宝线下分区NEW,1,单票费,票,0.036000,0.037000,7.650000,1.000000
杭州E邮宝线下分区NEW,1,单票费,票,0.037000,0.038000,7.650000,1.000000
杭州E邮宝线下分区NEW,1,单票费,票,0.038000,0.039000,7.650000,1.000000
杭州E邮宝线下分区NEW,1,单票费,票,0.039000,0.040000,7.650000,1.000000
杭州E邮宝线下分区NEW,1,单票费,票,0.040000,0.041000,7.650000,1.000000
杭州E邮宝线下分区NEW,1,单票费,票,0.041000,0.042000,7.650000,1.000000
杭州E邮宝线下分区NEW,1,单票费,票,0.042000,0.043000,7.650000,1.000000
杭州E邮宝线下分区NEW,1,单票费,票,0.043000,0.044000,7.650000,1.000000
杭州E邮宝线下分区NEW,1,单票费,票,0.044000,0.045000,7.650000,1.000000
杭州E邮宝线下分区NEW,1,单票费,票,0.045000,0.046000,7.650000,1.000000
杭州E邮宝线下分区NEW,1,单票费,票,0.046000,0.047000,7.650000,1.000000
杭州E邮宝线下分区NEW,1,单票费,票,0.047000,0.048000,7.650000,1.000000
杭州E邮宝线下分区NEW,1,单票费,票,0.048000,0.049000,7.650000,1.000000
杭州E邮宝线下分区NEW,1,单票费,票,0.049000,0.050000,7.650000,1.000000
杭州E邮宝线下分区NEW,1,单票费,票,0.050000,0.200000,7.650000,1.000000
杭州E邮宝线下分区NEW,1,单票费,票,0.200000,2.000000,7.650000,1.000000
杭州E邮宝线下分区NEW,2,单票费,票,0.000000,0.001000,6.800000,1.000000
杭州E邮宝线下分区NEW,2,单票费,票,0.001000,0.002000,6.800000,1.000000
杭州E邮宝线下分区NEW,2,单票费,票,0.002000,0.003000,6.800000,1.000000
杭州E邮宝线下分区NEW,2,单票费,票,0.003000,0.004000,6.800000,1.000000
杭州E邮宝线下分区NEW,2,单票费,票,0.004000,0.005000,6.800000,1.000000
杭州E邮宝线下分区NEW,2,单票费,票,0.005000,0.006000,6.800000,1.000000
杭州E邮宝线下分区NEW,2,单票费,票,0.006000,0.007000,6.800000,1.000000
杭州E邮宝线下分区NEW,2,单票费,票,0.007000,0.008000,6.800000,1.000000
杭州E邮宝线下分区NEW,2,单票费,票,0.008000,0.009000,6.800000,1.000000
杭州E邮宝线下分区NEW,2,单票费,票,0.009000,0.010000,6.800000,1.000000
杭州E邮宝线下分区NEW,2,单票费,票,0.010000,0.011000,6.800000,1.000000
杭州E邮宝线下分区NEW,2,单票费,票,0.011000,0.012000,6.800000,1.000000
杭州E邮宝线下分区NEW,2,单票费,票,0.012000,0.013000,6.800000,1.000000
杭州E邮宝线下分区NEW,2,单票费,票,0.013000,0.014000,6.800000,1.000000
杭州E邮宝线下分区NEW,2,单票费,票,0.014000,0.015000,6.800000,1.000000
杭州E邮宝线下分区NEW,2,单票费,票,0.015000,0.016000,6.800000,1.000000
杭州E邮宝线下分区NEW,2,单票费,票,0.016000,0.017000,6.800000,1.000000
杭州E邮宝线下分区NEW,2,单票费,票,0.017000,0.018000,6.800000,1.000000
杭州E邮宝线下分区NEW,2,单票费,票,0.018000,0.019000,6.800000,1.000000
杭州E邮宝线下分区NEW,2,单票费,票,0.019000,0.020000,6.800000,1.000000
杭州E邮宝线下分区NEW,2,单票费,票,0.020000,0.021000,6.800000,1.000000
杭州E邮宝线下分区NEW,2,单票费,票,0.021000,0.022000,6.800000,1.000000
杭州E邮宝线下分区NEW,2,单票费,票,0.022000,0.023000,6.800000,1.000000
杭州E邮宝线下分区NEW,2,单票费,票,0.023000,0.024000,6.800000,1.000000
杭州E邮宝线下分区NEW,2,单票费,票,0.024000,0.025000,6.800000,1.000000
杭州E邮宝线下分区NEW,2,单票费,票,0.025000,0.026000,6.800000,1.000000
杭州E邮宝线下分区NEW,2,单票费,票,0.026000,0.027000,6.800000,1.000000
杭州E邮宝线下分区NEW,2,单票费,票,0.027000,0.028000,6.800000,1.000000
杭州E邮宝线下分区NEW,2,单票费,票,0.028000,0.029000,6.800000,1.000000
杭州E邮宝线下分区NEW,2,单票费,票,0.029000,0.030000,6.800000,1.000000
杭州E邮宝线下分区NEW,2,单票费,票,0.030000,0.031000,6.800000,1.000000
杭州E邮宝线下分区NEW,2,单票费,票,0.031000,0.032000,6.800000,1.000000
杭州E邮宝线下分区NEW,2,单票费,票,0.032000,0.033000,6.800000,1.000000
杭州E邮宝线下分区NEW,2,单票费,票,0.033000,0.034000,6.800000,1.000000
杭州E邮宝线下分区NEW,2,单票费,票,0.034000,0.035000,6.800000,1.000000
杭州E邮宝线下分区NEW,2,单票费,票,0.035000,0.036000,6.800000,1.000000
杭州E邮宝线下分区NEW,2,单票费,票,0.036000,0.037000,6.800000,1.000000
杭州E邮宝线下分区NEW,2,单票费,票,0.037000,0.038000,6.800000,1.000000
杭州E邮宝线下分区NEW,2,单票费,票,0.038000,0.039000,6.800000,1.000000
杭州E邮宝线下分区NEW,2,单票费,票,0.039000,0.040000,6.800000,1.000000
杭州E邮宝线下分区NEW,2,单票费,票,0.040000,0.041000,6.800000,1.000000
杭州E邮宝线下分区NEW,2,单票费,票,0.041000,0.042000,6.800000,1.000000
杭州E邮宝线下分区NEW,2,单票费,票,0.042000,0.043000,6.800000,1.000000
杭州E邮宝线下分区NEW,2,单票费,票,0.043000,0.044000,6.800000,1.000000
杭州E邮宝线下分区NEW,2,单票费,票,0.044000,0.045000,6.800000,1.000000
杭州E邮宝线下分区NEW,2,单票费,票,0.045000,0.046000,6.800000,1.000000
杭州E邮宝线下分区NEW,2,单票费,票,0.046000,0.047000,6.800000,1.000000
杭州E邮宝线下分区NEW,2,单票费,票,0.047000,0.048000,6.800000,1.000000
杭州E邮宝线下分区NEW,2,单票费,票,0.048000,0.049000,6.800000,1.000000
杭州E邮宝线下分区NEW,2,单票费,票,0.049000,0.050000,6.800000,1.000000
杭州E邮宝线下分区NEW,2,单票费,票,0.050000,0.200000,6.800000,1.000000
杭州E邮宝线下分区NEW,2,单票费,票,0.200000,2.000000,6.800000,1.000000
杭州E邮宝线下分区NEW,3,单票费,票,0.000000,0.001000,16.150000,1.000000
杭州E邮宝线下分区NEW,3,单票费,票,0.001000,0.002000,16.150000,1.000000
杭州E邮宝线下分区NEW,3,单票费,票,0.002000,0.003000,16.150000,1.000000
杭州E邮宝线下分区NEW,3,单票费,票,0.003000,0.004000,16.150000,1.000000
杭州E邮宝线下分区NEW,3,单票费,票,0.004000,0.005000,16.150000,1.000000
杭州E邮宝线下分区NEW,3,单票费,票,0.005000,0.006000,16.150000,1.000000
杭州E邮宝线下分区NEW,3,单票费,票,0.006000,0.007000,16.150000,1.000000
杭州E邮宝线下分区NEW,3,单票费,票,0.007000,0.008000,16.150000,1.000000
杭州E邮宝线下分区NEW,3,单票费,票,0.008000,0.009000,16.150000,1.000000
杭州E邮宝线下分区NEW,3,单票费,票,0.009000,0.010000,16.150000,1.000000
杭州E邮宝线下分区NEW,3,单票费,票,0.010000,0.011000,16.150000,1.000000
杭州E邮宝线下分区NEW,3,单票费,票,0.011000,0.012000,16.150000,1.000000
杭州E邮宝线下分区NEW,3,单票费,票,0.012000,0.013000,16.150000,1.000000
杭州E邮宝线下分区NEW,3,单票费,票,0.013000,0.014000,16.150000,1.000000
杭州E邮宝线下分区NEW,3,单票费,票,0.014000,0.015000,16.150000,1.000000
杭州E邮宝线下分区NEW,3,单票费,票,0.015000,0.016000,16.150000,1.000000
杭州E邮宝线下分区NEW,3,单票费,票,0.016000,0.017000,16.150000,1.000000
杭州E邮宝线下分区NEW,3,单票费,票,0.017000,0.018000,16.150000,1.000000
杭州E邮宝线下分区NEW,3,单票费,票,0.018000,0.019000,16.150000,1.000000
杭州E邮宝线下分区NEW,3,单票费,票,0.019000,0.020000,16.150000,1.000000
杭州E邮宝线下分区NEW,3,单票费,票,0.020000,0.021000,16.150000,1.000000
杭州E邮宝线下分区NEW,3,单票费,票,0.021000,0.022000,16.150000,1.000000
杭州E邮宝线下分区NEW,3,单票费,票,0.022000,0.023000,16.150000,1.000000
杭州E邮宝线下分区NEW,3,单票费,票,0.023000,0.024000,16.150000,1.000000
杭州E邮宝线下分区NEW,3,单票费,票,0.024000,0.025000,16.150000,1.000000
杭州E邮宝线下分区NEW,3,单票费,票,0.025000,0.026000,16.150000,1.000000
杭州E邮宝线下分区NEW,3,单票费,票,0.026000,0.027000,16.150000,1.000000
杭州E邮宝线下分区NEW,3,单票费,票,0.027000,0.028000,16.150000,1.000000
杭州E邮宝线下分区NEW,3,单票费,票,0.028000,0.029000,16.150000,1.000000
杭州E邮宝线下分区NEW,3,单票费,票,0.029000,0.030000,16.150000,1.000000
杭州E邮宝线下分区NEW,3,单票费,票,0.030000,0.031000,16.150000,1.000000
杭州E邮宝线下分区NEW,3,单票费,票,0.031000,0.032000,16.150000,1.000000
杭州E邮宝线下分区NEW,3,单票费,票,0.032000,0.033000,16.150000,1.000000
杭州E邮宝线下分区NEW,3,单票费,票,0.033000,0.034000,16.150000,1.000000
杭州E邮宝线下分区NEW,3,单票费,票,0.034000,0.035000,16.150000,1.000000
杭州E邮宝线下分区NEW,3,单票费,票,0.035000,0.036000,16.150000,1.000000
杭州E邮宝线下分区NEW,3,单票费,票,0.036000,0.037000,16.150000,1.000000
杭州E邮宝线下分区NEW,3,单票费,票,0.037000,0.038000,16.150000,1.000000
杭州E邮宝线下分区NEW,3,单票费,票,0.038000,0.039000,16.150000,1.000000
杭州E邮宝线下分区NEW,3,单票费,票,0.039000,0.040000,16.150000,1.000000
杭州E邮宝线下分区NEW,3,单票费,票,0.040000,0.041000,16.150000,1.000000
杭州E邮宝线下分区NEW,3,单票费,票,0.041000,0.042000,16.150000,1.000000
杭州E邮宝线下分区NEW,3,单票费,票,0.042000,0.043000,16.150000,1.000000
杭州E邮宝线下分区NEW,3,单票费,票,0.043000,0.044000,16.150000,1.000000
杭州E邮宝线下分区NEW,3,单票费,票,0.044000,0.045000,16.150000,1.000000
杭州E邮宝线下分区NEW,3,单票费,票,0.045000,0.046000,16.150000,1.000000
杭州E邮宝线下分区NEW,3,单票费,票,0.046000,0.047000,16.150000,1.000000
杭州E邮宝线下分区NEW,3,单票费,票,0.047000,0.048000,16.150000,1.000000
杭州E邮宝线下分区NEW,3,单票费,票,0.048000,0.049000,16.150000,1.000000
杭州E邮宝线下分区NEW,3,单票费,票,0.049000,0.050000,16.150000,1.000000
杭州E邮宝线下分区NEW,3,单票费,票,0.050000,0.200000,16.150000,1.000000
杭州E邮宝线下分区NEW,3,单票费,票,0.200000,2.000000,16.150000,1.000000
杭州E邮宝线下分区NEW,4,单票费,票,0.000000,0.001000,16.150000,1.000000
杭州E邮宝线下分区NEW,4,单票费,票,0.001000,0.002000,16.150000,1.000000
杭州E邮宝线下分区NEW,4,单票费,票,0.002000,0.003000,16.150000,1.000000
杭州E邮宝线下分区NEW,4,单票费,票,0.003000,0.004000,16.150000,1.000000
杭州E邮宝线下分区NEW,4,单票费,票,0.004000,0.005000,16.150000,1.000000
杭州E邮宝线下分区NEW,4,单票费,票,0.005000,0.006000,16.150000,1.000000
杭州E邮宝线下分区NEW,4,单票费,票,0.006000,0.007000,16.150000,1.000000
杭州E邮宝线下分区NEW,4,单票费,票,0.007000,0.008000,16.150000,1.000000
杭州E邮宝线下分区NEW,4,单票费,票,0.008000,0.009000,16.150000,1.000000
杭州E邮宝线下分区NEW,4,单票费,票,0.009000,0.010000,16.150000,1.000000
杭州E邮宝线下分区NEW,4,单票费,票,0.010000,0.011000,16.150000,1.000000
杭州E邮宝线下分区NEW,4,单票费,票,0.011000,0.012000,16.150000,1.000000
杭州E邮宝线下分区NEW,4,单票费,票,0.012000,0.013000,16.150000,1.000000
杭州E邮宝线下分区NEW,4,单票费,票,0.013000,0.014000,16.150000,1.000000
杭州E邮宝线下分区NEW,4,单票费,票,0.014000,0.015000,16.150000,1.000000
杭州E邮宝线下分区NEW,4,单票费,票,0.015000,0.016000,16.150000,1.000000
杭州E邮宝线下分区NEW,4,单票费,票,0.016000,0.017000,16.150000,1.000000
杭州E邮宝线下分区NEW,4,单票费,票,0.017000,0.018000,16.150000,1.000000
杭州E邮宝线下分区NEW,4,单票费,票,0.018000,0.019000,16.150000,1.000000
杭州E邮宝线下分区NEW,4,单票费,票,0.019000,0.020000,16.150000,1.000000
杭州E邮宝线下分区NEW,4,单票费,票,0.020000,0.021000,16.150000,1.000000
杭州E邮宝线下分区NEW,4,单票费,票,0.021000,0.022000,16.150000,1.000000
杭州E邮宝线下分区NEW,4,单票费,票,0.022000,0.023000,16.150000,1.000000
杭州E邮宝线下分区NEW,4,单票费,票,0.023000,0.024000,16.150000,1.000000
杭州E邮宝线下分区NEW,4,单票费,票,0.024000,0.025000,16.150000,1.000000
杭州E邮宝线下分区NEW,4,单票费,票,0.025000,0.026000,16.150000,1.000000
杭州E邮宝线下分区NEW,4,单票费,票,0.026000,0.027000,16.150000,1.000000
杭州E邮宝线下分区NEW,4,单票费,票,0.027000,0.028000,16.150000,1.000000
杭州E邮宝线下分区NEW,4,单票费,票,0.028000,0.029000,16.150000,1.000000
杭州E邮宝线下分区NEW,4,单票费,票,0.029000,0.030000,16.150000,1.000000
杭州E邮宝线下分区NEW,4,单票费,票,0.030000,0.031000,16.150000,1.000000
杭州E邮宝线下分区NEW,4,单票费,票,0.031000,0.032000,16.150000,1.000000
杭州E邮宝线下分区NEW,4,单票费,票,0.032000,0.033000,16.150000,1.000000
杭州E邮宝线下分区NEW,4,单票费,票,0.033000,0.034000,16.150000,1.000000
杭州E邮宝线下分区NEW,4,单票费,票,0.034000,0.035000,16.150000,1.000000
杭州E邮宝线下分区NEW,4,单票费,票,0.035000,0.036000,16.150000,1.000000
杭州E邮宝线下分区NEW,4,单票费,票,0.036000,0.037000,16.150000,1.000000
杭州E邮宝线下分区NEW,4,单票费,票,0.037000,0.038000,16.150000,1.000000
杭州E邮宝线下分区NEW,4,单票费,票,0.038000,0.039000,16.150000,1.000000
杭州E邮宝线下分区NEW,4,单票费,票,0.039000,0.040000,16.150000,1.000000
杭州E邮宝线下分区NEW,4,单票费,票,0.040000,0.041000,16.150000,1.000000
杭州E邮宝线下分区NEW,4,单票费,票,0.041000,0.042000,16.150000,1.000000
杭州E邮宝线下分区NEW,4,单票费,票,0.042000,0.043000,16.150000,1.000000
杭州E邮宝线下分区NEW,4,单票费,票,0.043000,0.044000,16.150000,1.000000
杭州E邮宝线下分区NEW,4,单票费,票,0.044000,0.045000,16.150000,1.000000
杭州E邮宝线下分区NEW,4,单票费,票,0.045000,0.046000,16.150000,1.000000
杭州E邮宝线下分区NEW,4,单票费,票,0.046000,0.047000,16.150000,1.000000
杭州E邮宝线下分区NEW,4,单票费,票,0.047000,0.048000,16.150000,1.000000
杭州E邮宝线下分区NEW,4,单票费,票,0.048000,0.049000,16.150000,1.000000
杭州E邮宝线下分区NEW,4,单票费,票,0.049000,0.050000,16.150000,1.000000
杭州E邮宝线下分区NEW,4,单票费,票,0.050000,0.200000,16.150000,1.000000
杭州E邮宝线下分区NEW,4,单票费,票,0.200000,2.000000,16.150000,1.000000
杭州E邮宝线下分区NEW,5,单票费,票,0.000000,0.001000,16.150000,1.000000
杭州E邮宝线下分区NEW,5,单票费,票,0.001000,0.002000,16.150000,1.000000
杭州E邮宝线下分区NEW,5,单票费,票,0.002000,0.003000,16.150000,1.000000
杭州E邮宝线下分区NEW,5,单票费,票,0.003000,0.004000,16.150000,1.000000
杭州E邮宝线下分区NEW,5,单票费,票,0.004000,0.005000,16.150000,1.000000
杭州E邮宝线下分区NEW,5,单票费,票,0.005000,0.006000,16.150000,1.000000
杭州E邮宝线下分区NEW,5,单票费,票,0.006000,0.007000,16.150000,1.000000
杭州E邮宝线下分区NEW,5,单票费,票,0.007000,0.008000,16.150000,1.000000
杭州E邮宝线下分区NEW,5,单票费,票,0.008000,0.009000,16.150000,1.000000
杭州E邮宝线下分区NEW,5,单票费,票,0.009000,0.010000,16.150000,1.000000
杭州E邮宝线下分区NEW,5,单票费,票,0.010000,0.011000,16.150000,1.000000
杭州E邮宝线下分区NEW,5,单票费,票,0.011000,0.012000,16.150000,1.000000
杭州E邮宝线下分区NEW,5,单票费,票,0.012000,0.013000,16.150000,1.000000
杭州E邮宝线下分区NEW,5,单票费,票,0.013000,0.014000,16.150000,1.000000
杭州E邮宝线下分区NEW,5,单票费,票,0.014000,0.015000,16.150000,1.000000
杭州E邮宝线下分区NEW,5,单票费,票,0.015000,0.016000,16.150000,1.000000
杭州E邮宝线下分区NEW,5,单票费,票,0.016000,0.017000,16.150000,1.000000
杭州E邮宝线下分区NEW,5,单票费,票,0.017000,0.018000,16.150000,1.000000
杭州E邮宝线下分区NEW,5,单票费,票,0.018000,0.019000,16.150000,1.000000
杭州E邮宝线下分区NEW,5,单票费,票,0.019000,0.020000,16.150000,1.000000
杭州E邮宝线下分区NEW,5,单票费,票,0.020000,0.021000,16.150000,1.000000
杭州E邮宝线下分区NEW,5,单票费,票,0.021000,0.022000,16.150000,1.000000
杭州E邮宝线下分区NEW,5,单票费,票,0.022000,0.023000,16.150000,1.000000
杭州E邮宝线下分区NEW,5,单票费,票,0.023000,0.024000,16.150000,1.000000
杭州E邮宝线下分区NEW,5,单票费,票,0.024000,0.025000,16.150000,1.000000
杭州E邮宝线下分区NEW,5,单票费,票,0.025000,0.026000,16.150000,1.000000
杭州E邮宝线下分区NEW,5,单票费,票,0.026000,0.027000,16.150000,1.000000
杭州E邮宝线下分区NEW,5,单票费,票,0.027000,0.028000,16.150000,1.000000
杭州E邮宝线下分区NEW,5,单票费,票,0.028000,0.029000,16.150000,1.000000
杭州E邮宝线下分区NEW,5,单票费,票,0.029000,0.030000,16.150000,1.000000
杭州E邮宝线下分区NEW,5,单票费,票,0.030000,0.031000,16.150000,1.000000
杭州E邮宝线下分区NEW,5,单票费,票,0.031000,0.032000,16.150000,1.000000
杭州E邮宝线下分区NEW,5,单票费,票,0.032000,0.033000,16.150000,1.000000
杭州E邮宝线下分区NEW,5,单票费,票,0.033000,0.034000,16.150000,1.000000
杭州E邮宝线下分区NEW,5,单票费,票,0.034000,0.035000,16.150000,1.000000
杭州E邮宝线下分区NEW,5,单票费,票,0.035000,0.036000,16.150000,1.000000
杭州E邮宝线下分区NEW,5,单票费,票,0.036000,0.037000,16.150000,1.000000
杭州E邮宝线下分区NEW,5,单票费,票,0.037000,0.038000,16.150000,1.000000
杭州E邮宝线下分区NEW,5,单票费,票,0.038000,0.039000,16.150000,1.000000
杭州E邮宝线下分区NEW,5,单票费,票,0.039000,0.040000,16.150000,1.000000
杭州E邮宝线下分区NEW,5,单票费,票,0.040000,0.041000,16.150000,1.000000
杭州E邮宝线下分区NEW,5,单票费,票,0.041000,0.042000,16.150000,1.000000
杭州E邮宝线下分区NEW,5,单票费,票,0.042000,0.043000,16.150000,1.000000
杭州E邮宝线下分区NEW,5,单票费,票,0.043000,0.044000,16.150000,1.000000
杭州E邮宝线下分区NEW,5,单票费,票,0.044000,0.045000,16.150000,1.000000
杭州E邮宝线下分区NEW,5,单票费,票,0.045000,0.046000,16.150000,1.000000
杭州E邮宝线下分区NEW,5,单票费,票,0.046000,0.047000,16.150000,1.000000
杭州E邮宝线下分区NEW,5,单票费,票,0.047000,0.048000,16.150000,1.000000
杭州E邮宝线下分区NEW,5,单票费,票,0.048000,0.049000,16.150000,1.000000
杭州E邮宝线下分区NEW,5,单票费,票,0.049000,0.050000,16.150000,1.000000
杭州E邮宝线下分区NEW,5,单票费,票,0.050000,0.200000,16.150000,1.000000
杭州E邮宝线下分区NEW,5,单票费,票,0.200000,2.000000,16.150000,1.000000
杭州E邮宝线下分区NEW,6,单票费,票,0.000000,0.001000,14.450000,1.000000
杭州E邮宝线下分区NEW,6,单票费,票,0.001000,0.002000,14.450000,1.000000
杭州E邮宝线下分区NEW,6,单票费,票,0.002000,0.003000,14.450000,1.000000
杭州E邮宝线下分区NEW,6,单票费,票,0.003000,0.004000,14.450000,1.000000
杭州E邮宝线下分区NEW,6,单票费,票,0.004000,0.005000,14.450000,1.000000
杭州E邮宝线下分区NEW,6,单票费,票,0.005000,0.006000,14.450000,1.000000
杭州E邮宝线下分区NEW,6,单票费,票,0.006000,0.007000,14.450000,1.000000
杭州E邮宝线下分区NEW,6,单票费,票,0.007000,0.008000,14.450000,1.000000
杭州E邮宝线下分区NEW,6,单票费,票,0.008000,0.009000,14.450000,1.000000
杭州E邮宝线下分区NEW,6,单票费,票,0.009000,0.010000,14.450000,1.000000
杭州E邮宝线下分区NEW,6,单票费,票,0.010000,0.011000,14.450000,1.000000
杭州E邮宝线下分区NEW,6,单票费,票,0.011000,0.012000,14.450000,1.000000
杭州E邮宝线下分区NEW,6,单票费,票,0.012000,0.013000,14.450000,1.000000
杭州E邮宝线下分区NEW,6,单票费,票,0.013000,0.014000,14.450000,1.000000
杭州E邮宝线下分区NEW,6,单票费,票,0.014000,0.015000,14.450000,1.000000
杭州E邮宝线下分区NEW,6,单票费,票,0.015000,0.016000,14.450000,1.000000
杭州E邮宝线下分区NEW,6,单票费,票,0.016000,0.017000,14.450000,1.000000
杭州E邮宝线下分区NEW,6,单票费,票,0.017000,0.018000,14.450000,1.000000
杭州E邮宝线下分区NEW,6,单票费,票,0.018000,0.019000,14.450000,1.000000
杭州E邮宝线下分区NEW,6,单票费,票,0.019000,0.020000,14.450000,1.000000
杭州E邮宝线下分区NEW,6,单票费,票,0.020000,0.021000,14.450000,1.000000
杭州E邮宝线下分区NEW,6,单票费,票,0.021000,0.022000,14.450000,1.000000
杭州E邮宝线下分区NEW,6,单票费,票,0.022000,0.023000,14.450000,1.000000
杭州E邮宝线下分区NEW,6,单票费,票,0.023000,0.024000,14.450000,1.000000
杭州E邮宝线下分区NEW,6,单票费,票,0.024000,0.025000,14.450000,1.000000
杭州E邮宝线下分区NEW,6,单票费,票,0.025000,0.026000,14.450000,1.000000
杭州E邮宝线下分区NEW,6,单票费,票,0.026000,0.027000,14.450000,1.000000
杭州E邮宝线下分区NEW,6,单票费,票,0.027000,0.028000,14.450000,1.000000
杭州E邮宝线下分区NEW,6,单票费,票,0.028000,0.029000,14.450000,1.000000
杭州E邮宝线下分区NEW,6,单票费,票,0.029000,0.030000,14.450000,1.000000
杭州E邮宝线下分区NEW,6,单票费,票,0.030000,0.031000,14.450000,1.000000
杭州E邮宝线下分区NEW,6,单票费,票,0.031000,0.032000,14.450000,1.000000
杭州E邮宝线下分区NEW,6,单票费,票,0.032000,0.033000,14.450000,1.000000
杭州E邮宝线下分区NEW,6,单票费,票,0.033000,0.034000,14.450000,1.000000
杭州E邮宝线下分区NEW,6,单票费,票,0.034000,0.035000,14.450000,1.000000
杭州E邮宝线下分区NEW,6,单票费,票,0.035000,0.036000,14.450000,1.000000
杭州E邮宝线下分区NEW,6,单票费,票,0.036000,0.037000,14.450000,1.000000
杭州E邮宝线下分区NEW,6,单票费,票,0.037000,0.038000,14.450000,1.000000
杭州E邮宝线下分区NEW,6,单票费,票,0.038000,0.039000,14.450000,1.000000
杭州E邮宝线下分区NEW,6,单票费,票,0.039000,0.040000,14.450000,1.000000
杭州E邮宝线下分区NEW,6,单票费,票,0.040000,0.041000,14.450000,1.000000
杭州E邮宝线下分区NEW,6,单票费,票,0.041000,0.042000,14.450000,1.000000
杭州E邮宝线下分区NEW,6,单票费,票,0.042000,0.043000,14.450000,1.000000
杭州E邮宝线下分区NEW,6,单票费,票,0.043000,0.044000,14.450000,1.000000
杭州E邮宝线下分区NEW,6,单票费,票,0.044000,0.045000,14.450000,1.000000
杭州E邮宝线下分区NEW,6,单票费,票,0.045000,0.046000,14.450000,1.000000
杭州E邮宝线下分区NEW,6,单票费,票,0.046000,0.047000,14.450000,1.000000
杭州E邮宝线下分区NEW,6,单票费,票,0.047000,0.048000,14.450000,1.000000
杭州E邮宝线下分区NEW,6,单票费,票,0.048000,0.049000,14.450000,1.000000
杭州E邮宝线下分区NEW,6,单票费,票,0.049000,0.050000,14.450000,1.000000
杭州E邮宝线下分区NEW,6,单票费,票,0.050000,0.200000,14.450000,1.000000
杭州E邮宝线下分区NEW,6,单票费,票,0.200000,2.000000,14.450000,1.000000
杭州E邮宝线下分区NEW,7,单票费,票,0.000000,0.001000,16.150000,1.000000
杭州E邮宝线下分区NEW,7,单票费,票,0.001000,0.002000,16.150000,1.000000
杭州E邮宝线下分区NEW,7,单票费,票,0.002000,0.003000,16.150000,1.000000
杭州E邮宝线下分区NEW,7,单票费,票,0.003000,0.004000,16.150000,1.000000
杭州E邮宝线下分区NEW,7,单票费,票,0.004000,0.005000,16.150000,1.000000
杭州E邮宝线下分区NEW,7,单票费,票,0.005000,0.006000,16.150000,1.000000
杭州E邮宝线下分区NEW,7,单票费,票,0.006000,0.007000,16.150000,1.000000
杭州E邮宝线下分区NEW,7,单票费,票,0.007000,0.008000,16.150000,1.000000
杭州E邮宝线下分区NEW,7,单票费,票,0.008000,0.009000,16.150000,1.000000
杭州E邮宝线下分区NEW,7,单票费,票,0.009000,0.010000,16.150000,1.000000
杭州E邮宝线下分区NEW,7,单票费,票,0.010000,0.011000,16.150000,1.000000
杭州E邮宝线下分区NEW,7,单票费,票,0.011000,0.012000,16.150000,1.000000
杭州E邮宝线下分区NEW,7,单票费,票,0.012000,0.013000,16.150000,1.000000
杭州E邮宝线下分区NEW,7,单票费,票,0.013000,0.014000,16.150000,1.000000
杭州E邮宝线下分区NEW,7,单票费,票,0.014000,0.015000,16.150000,1.000000
杭州E邮宝线下分区NEW,7,单票费,票,0.015000,0.016000,16.150000,1.000000
杭州E邮宝线下分区NEW,7,单票费,票,0.016000,0.017000,16.150000,1.000000
杭州E邮宝线下分区NEW,7,单票费,票,0.017000,0.018000,16.150000,1.000000
杭州E邮宝线下分区NEW,7,单票费,票,0.018000,0.019000,16.150000,1.000000
杭州E邮宝线下分区NEW,7,单票费,票,0.019000,0.020000,16.150000,1.000000
杭州E邮宝线下分区NEW,7,单票费,票,0.020000,0.021000,16.150000,1.000000
杭州E邮宝线下分区NEW,7,单票费,票,0.021000,0.022000,16.150000,1.000000
杭州E邮宝线下分区NEW,7,单票费,票,0.022000,0.023000,16.150000,1.000000
杭州E邮宝线下分区NEW,7,单票费,票,0.023000,0.024000,16.150000,1.000000
杭州E邮宝线下分区NEW,7,单票费,票,0.024000,0.025000,16.150000,1.000000
杭州E邮宝线下分区NEW,7,单票费,票,0.025000,0.026000,16.150000,1.000000
杭州E邮宝线下分区NEW,7,单票费,票,0.026000,0.027000,16.150000,1.000000
杭州E邮宝线下分区NEW,7,单票费,票,0.027000,0.028000,16.150000,1.000000
杭州E邮宝线下分区NEW,7,单票费,票,0.028000,0.029000,16.150000,1.000000
杭州E邮宝线下分区NEW,7,单票费,票,0.029000,0.030000,16.150000,1.000000
杭州E邮宝线下分区NEW,7,单票费,票,0.030000,0.031000,16.150000,1.000000
杭州E邮宝线下分区NEW,7,单票费,票,0.031000,0.032000,16.150000,1.000000
杭州E邮宝线下分区NEW,7,单票费,票,0.032000,0.033000,16.150000,1.000000
杭州E邮宝线下分区NEW,7,单票费,票,0.033000,0.034000,16.150000,1.000000
杭州E邮宝线下分区NEW,7,单票费,票,0.034000,0.035000,16.150000,1.000000
杭州E邮宝线下分区NEW,7,单票费,票,0.035000,0.036000,16.150000,1.000000
杭州E邮宝线下分区NEW,7,单票费,票,0.036000,0.037000,16.150000,1.000000
杭州E邮宝线下分区NEW,7,单票费,票,0.037000,0.038000,16.150000,1.000000
杭州E邮宝线下分区NEW,7,单票费,票,0.038000,0.039000,16.150000,1.000000
杭州E邮宝线下分区NEW,7,单票费,票,0.039000,0.040000,16.150000,1.000000
杭州E邮宝线下分区NEW,7,单票费,票,0.040000,0.041000,16.150000,1.000000
杭州E邮宝线下分区NEW,7,单票费,票,0.041000,0.042000,16.150000,1.000000
杭州E邮宝线下分区NEW,7,单票费,票,0.042000,0.043000,16.150000,1.000000
杭州E邮宝线下分区NEW,7,单票费,票,0.043000,0.044000,16.150000,1.000000
杭州E邮宝线下分区NEW,7,单票费,票,0.044000,0.045000,16.150000,1.000000
杭州E邮宝线下分区NEW,7,单票费,票,0.045000,0.046000,16.150000,1.000000
杭州E邮宝线下分区NEW,7,单票费,票,0.046000,0.047000,16.150000,1.000000
杭州E邮宝线下分区NEW,7,单票费,票,0.047000,0.048000,16.150000,1.000000
杭州E邮宝线下分区NEW,7,单票费,票,0.048000,0.049000,16.150000,1.000000
杭州E邮宝线下分区NEW,7,单票费,票,0.049000,0.050000,16.150000,1.000000
杭州E邮宝线下分区NEW,7,单票费,票,0.050000,0.200000,16.150000,1.000000
杭州E邮宝线下分区NEW,7,单票费,票,0.200000,2.000000,16.150000,1.000000
杭州E邮宝线下分区NEW,8,单票费,票,0.000000,0.001000,16.150000,1.000000
杭州E邮宝线下分区NEW,8,单票费,票,0.001000,0.002000,16.150000,1.000000
杭州E邮宝线下分区NEW,8,单票费,票,0.002000,0.003000,16.150000,1.000000
杭州E邮宝线下分区NEW,8,单票费,票,0.003000,0.004000,16.150000,1.000000
杭州E邮宝线下分区NEW,8,单票费,票,0.004000,0.005000,16.150000,1.000000
杭州E邮宝线下分区NEW,8,单票费,票,0.005000,0.006000,16.150000,1.000000
杭州E邮宝线下分区NEW,8,单票费,票,0.006000,0.007000,16.150000,1.000000
杭州E邮宝线下分区NEW,8,单票费,票,0.007000,0.008000,16.150000,1.000000
杭州E邮宝线下分区NEW,8,单票费,票,0.008000,0.009000,16.150000,1.000000
杭州E邮宝线下分区NEW,8,单票费,票,0.009000,0.010000,16.150000,1.000000
杭州E邮宝线下分区NEW,8,单票费,票,0.010000,0.011000,16.150000,1.000000
杭州E邮宝线下分区NEW,8,单票费,票,0.011000,0.012000,16.150000,1.000000
杭州E邮宝线下分区NEW,8,单票费,票,0.012000,0.013000,16.150000,1.000000
杭州E邮宝线下分区NEW,8,单票费,票,0.013000,0.014000,16.150000,1.000000
杭州E邮宝线下分区NEW,8,单票费,票,0.014000,0.015000,16.150000,1.000000
杭州E邮宝线下分区NEW,8,单票费,票,0.015000,0.016000,16.150000,1.000000
杭州E邮宝线下分区NEW,8,单票费,票,0.016000,0.017000,16.150000,1.000000
杭州E邮宝线下分区NEW,8,单票费,票,0.017000,0.018000,16.150000,1.000000
杭州E邮宝线下分区NEW,8,单票费,票,0.018000,0.019000,16.150000,1.000000
杭州E邮宝线下分区NEW,8,单票费,票,0.019000,0.020000,16.150000,1.000000
杭州E邮宝线下分区NEW,8,单票费,票,0.020000,0.021000,16.150000,1.000000
杭州E邮宝线下分区NEW,8,单票费,票,0.021000,0.022000,16.150000,1.000000
杭州E邮宝线下分区NEW,8,单票费,票,0.022000,0.023000,16.150000,1.000000
杭州E邮宝线下分区NEW,8,单票费,票,0.023000,0.024000,16.150000,1.000000
杭州E邮宝线下分区NEW,8,单票费,票,0.024000,0.025000,16.150000,1.000000
杭州E邮宝线下分区NEW,8,单票费,票,0.025000,0.026000,16.150000,1.000000
杭州E邮宝线下分区NEW,8,单票费,票,0.026000,0.027000,16.150000,1.000000
杭州E邮宝线下分区NEW,8,单票费,票,0.027000,0.028000,16.150000,1.000000
杭州E邮宝线下分区NEW,8,单票费,票,0.028000,0.029000,16.150000,1.000000
杭州E邮宝线下分区NEW,8,单票费,票,0.029000,0.030000,16.150000,1.000000
杭州E邮宝线下分区NEW,8,单票费,票,0.030000,0.031000,16.150000,1.000000
杭州E邮宝线下分区NEW,8,单票费,票,0.031000,0.032000,16.150000,1.000000
杭州E邮宝线下分区NEW,8,单票费,票,0.032000,0.033000,16.150000,1.000000
杭州E邮宝线下分区NEW,8,单票费,票,0.033000,0.034000,16.150000,1.000000
杭州E邮宝线下分区NEW,8,单票费,票,0.034000,0.035000,16.150000,1.000000
杭州E邮宝线下分区NEW,8,单票费,票,0.035000,0.036000,16.150000,1.000000
杭州E邮宝线下分区NEW,8,单票费,票,0.036000,0.037000,16.150000,1.000000
杭州E邮宝线下分区NEW,8,单票费,票,0.037000,0.038000,16.150000,1.000000
杭州E邮宝线下分区NEW,8,单票费,票,0.038000,0.039000,16.150000,1.000000
杭州E邮宝线下分区NEW,8,单票费,票,0.039000,0.040000,16.150000,1.000000
杭州E邮宝线下分区NEW,8,单票费,票,0.040000,0.041000,16.150000,1.000000
杭州E邮宝线下分区NEW,8,单票费,票,0.041000,0.042000,16.150000,1.000000
杭州E邮宝线下分区NEW,8,单票费,票,0.042000,0.043000,16.150000,1.000000
杭州E邮宝线下分区NEW,8,单票费,票,0.043000,0.044000,16.150000,1.000000
杭州E邮宝线下分区NEW,8,单票费,票,0.044000,0.045000,16.150000,1.000000
杭州E邮宝线下分区NEW,8,单票费,票,0.045000,0.046000,16.150000,1.000000
杭州E邮宝线下分区NEW,8,单票费,票,0.046000,0.047000,16.150000,1.000000
杭州E邮宝线下分区NEW,8,单票费,票,0.047000,0.048000,16.150000,1.000000
杭州E邮宝线下分区NEW,8,单票费,票,0.048000,0.049000,16.150000,1.000000
杭州E邮宝线下分区NEW,8,单票费,票,0.049000,0.050000,16.150000,1.000000
杭州E邮宝线下分区NEW,8,单票费,票,0.050000,0.200000,16.150000,1.000000
杭州E邮宝线下分区NEW,8,单票费,票,0.200000,2.000000,16.150000,1.000000
杭州E邮宝线下分区NEW,9,单票费,票,0.000000,0.001000,16.150000,1.000000
杭州E邮宝线下分区NEW,9,单票费,票,0.001000,0.002000,16.150000,1.000000
杭州E邮宝线下分区NEW,9,单票费,票,0.002000,0.003000,16.150000,1.000000
杭州E邮宝线下分区NEW,9,单票费,票,0.003000,0.004000,16.150000,1.000000
杭州E邮宝线下分区NEW,9,单票费,票,0.004000,0.005000,16.150000,1.000000
杭州E邮宝线下分区NEW,9,单票费,票,0.005000,0.006000,16.150000,1.000000
杭州E邮宝线下分区NEW,9,单票费,票,0.006000,0.007000,16.150000,1.000000
杭州E邮宝线下分区NEW,9,单票费,票,0.007000,0.008000,16.150000,1.000000
杭州E邮宝线下分区NEW,9,单票费,票,0.008000,0.009000,16.150000,1.000000
杭州E邮宝线下分区NEW,9,单票费,票,0.009000,0.010000,16.150000,1.000000
杭州E邮宝线下分区NEW,9,单票费,票,0.010000,0.011000,16.150000,1.000000
杭州E邮宝线下分区NEW,9,单票费,票,0.011000,0.012000,16.150000,1.000000
杭州E邮宝线下分区NEW,9,单票费,票,0.012000,0.013000,16.150000,1.000000
杭州E邮宝线下分区NEW,9,单票费,票,0.013000,0.014000,16.150000,1.000000
杭州E邮宝线下分区NEW,9,单票费,票,0.014000,0.015000,16.150000,1.000000
杭州E邮宝线下分区NEW,9,单票费,票,0.015000,0.016000,16.150000,1.000000
杭州E邮宝线下分区NEW,9,单票费,票,0.016000,0.017000,16.150000,1.000000
杭州E邮宝线下分区NEW,9,单票费,票,0.017000,0.018000,16.150000,1.000000
杭州E邮宝线下分区NEW,9,单票费,票,0.018000,0.019000,16.150000,1.000000
杭州E邮宝线下分区NEW,9,单票费,票,0.019000,0.020000,16.150000,1.000000
杭州E邮宝线下分区NEW,9,单票费,票,0.020000,0.021000,16.150000,1.000000
杭州E邮宝线下分区NEW,9,单票费,票,0.021000,0.022000,16.150000,1.000000
杭州E邮宝线下分区NEW,9,单票费,票,0.022000,0.023000,16.150000,1.000000
杭州E邮宝线下分区NEW,9,单票费,票,0.023000,0.024000,16.150000,1.000000
杭州E邮宝线下分区NEW,9,单票费,票,0.024000,0.025000,16.150000,1.000000
杭州E邮宝线下分区NEW,9,单票费,票,0.025000,0.026000,16.150000,1.000000
杭州E邮宝线下分区NEW,9,单票费,票,0.026000,0.027000,16.150000,1.000000
杭州E邮宝线下分区NEW,9,单票费,票,0.027000,0.028000,16.150000,1.000000
杭州E邮宝线下分区NEW,9,单票费,票,0.028000,0.029000,16.150000,1.000000
杭州E邮宝线下分区NEW,9,单票费,票,0.029000,0.030000,16.150000,1.000000
杭州E邮宝线下分区NEW,9,单票费,票,0.030000,0.031000,16.150000,1.000000
杭州E邮宝线下分区NEW,9,单票费,票,0.031000,0.032000,16.150000,1.000000
杭州E邮宝线下分区NEW,9,单票费,票,0.032000,0.033000,16.150000,1.000000
杭州E邮宝线下分区NEW,9,单票费,票,0.033000,0.034000,16.150000,1.000000
杭州E邮宝线下分区NEW,9,单票费,票,0.034000,0.035000,16.150000,1.000000
杭州E邮宝线下分区NEW,9,单票费,票,0.035000,0.036000,16.150000,1.000000
杭州E邮宝线下分区NEW,9,单票费,票,0.036000,0.037000,16.150000,1.000000
杭州E邮宝线下分区NEW,9,单票费,票,0.037000,0.038000,16.150000,1.000000
杭州E邮宝线下分区NEW,9,单票费,票,0.038000,0.039000,16.150000,1.000000
杭州E邮宝线下分区NEW,9,单票费,票,0.039000,0.040000,16.150000,1.000000
杭州E邮宝线下分区NEW,9,单票费,票,0.040000,0.041000,16.150000,1.000000
杭州E邮宝线下分区NEW,9,单票费,票,0.041000,0.042000,16.150000,1.000000
杭州E邮宝线下分区NEW,9,单票费,票,0.042000,0.043000,16.150000,1.000000
杭州E邮宝线下分区NEW,9,单票费,票,0.043000,0.044000,16.150000,1.000000
杭州E邮宝线下分区NEW,9,单票费,票,0.044000,0.045000,16.150000,1.000000
杭州E邮宝线下分区NEW,9,单票费,票,0.045000,0.046000,16.150000,1.000000
杭州E邮宝线下分区NEW,9,单票费,票,0.046000,0.047000,16.150000,1.000000
杭州E邮宝线下分区NEW,9,单票费,票,0.047000,0.048000,16.150000,1.000000
杭州E邮宝线下分区NEW,9,单票费,票,0.048000,0.049000,16.150000,1.000000
杭州E邮宝线下分区NEW,9,单票费,票,0.049000,0.050000,16.150000,1.000000
杭州E邮宝线下分区NEW,9,单票费,票,0.050000,0.200000,16.150000,1.000000
杭州E邮宝线下分区NEW,9,单票费,票,0.200000,2.000000,16.150000,1.000000
杭州E邮宝线下分区NEW,10,单票费,票,0.000000,0.001000,22.100000,1.000000
杭州E邮宝线下分区NEW,10,单票费,票,0.001000,0.002000,22.100000,1.000000
杭州E邮宝线下分区NEW,10,单票费,票,0.002000,0.003000,22.100000,1.000000
杭州E邮宝线下分区NEW,10,单票费,票,0.003000,0.004000,22.100000,1.000000
杭州E邮宝线下分区NEW,10,单票费,票,0.004000,0.005000,22.100000,1.000000
杭州E邮宝线下分区NEW,10,单票费,票,0.005000,0.006000,22.100000,1.000000
杭州E邮宝线下分区NEW,10,单票费,票,0.006000,0.007000,22.100000,1.000000
杭州E邮宝线下分区NEW,10,单票费,票,0.007000,0.008000,22.100000,1.000000
杭州E邮宝线下分区NEW,10,单票费,票,0.008000,0.009000,22.100000,1.000000
杭州E邮宝线下分区NEW,10,单票费,票,0.009000,0.010000,22.100000,1.000000
杭州E邮宝线下分区NEW,10,单票费,票,0.010000,0.011000,22.100000,1.000000
杭州E邮宝线下分区NEW,10,单票费,票,0.011000,0.012000,22.100000,1.000000
杭州E邮宝线下分区NEW,10,单票费,票,0.012000,0.013000,22.100000,1.000000
杭州E邮宝线下分区NEW,10,单票费,票,0.013000,0.014000,22.100000,1.000000
杭州E邮宝线下分区NEW,10,单票费,票,0.014000,0.015000,22.100000,1.000000
杭州E邮宝线下分区NEW,10,单票费,票,0.015000,0.016000,22.100000,1.000000
杭州E邮宝线下分区NEW,10,单票费,票,0.016000,0.017000,22.100000,1.000000
杭州E邮宝线下分区NEW,10,单票费,票,0.017000,0.018000,22.100000,1.000000
杭州E邮宝线下分区NEW,10,单票费,票,0.018000,0.019000,22.100000,1.000000
杭州E邮宝线下分区NEW,10,单票费,票,0.019000,0.020000,22.100000,1.000000
杭州E邮宝线下分区NEW,10,单票费,票,0.020000,0.021000,22.100000,1.000000
杭州E邮宝线下分区NEW,10,单票费,票,0.021000,0.022000,22.100000,1.000000
杭州E邮宝线下分区NEW,10,单票费,票,0.022000,0.023000,22.100000,1.000000
杭州E邮宝线下分区NEW,10,单票费,票,0.023000,0.024000,22.100000,1.000000
杭州E邮宝线下分区NEW,10,单票费,票,0.024000,0.025000,22.100000,1.000000
杭州E邮宝线下分区NEW,10,单票费,票,0.025000,0.026000,22.100000,1.000000
杭州E邮宝线下分区NEW,10,单票费,票,0.026000,0.027000,22.100000,1.000000
杭州E邮宝线下分区NEW,10,单票费,票,0.027000,0.028000,22.100000,1.000000
杭州E邮宝线下分区NEW,10,单票费,票,0.028000,0.029000,22.100000,1.000000
杭州E邮宝线下分区NEW,10,单票费,票,0.029000,0.030000,22.100000,1.000000
杭州E邮宝线下分区NEW,10,单票费,票,0.030000,0.031000,22.100000,1.000000
杭州E邮宝线下分区NEW,10,单票费,票,0.031000,0.032000,22.100000,1.000000
杭州E邮宝线下分区NEW,10,单票费,票,0.032000,0.033000,22.100000,1.000000
杭州E邮宝线下分区NEW,10,单票费,票,0.033000,0.034000,22.100000,1.000000
杭州E邮宝线下分区NEW,10,单票费,票,0.034000,0.035000,22.100000,1.000000
杭州E邮宝线下分区NEW,10,单票费,票,0.035000,0.036000,22.100000,1.000000
杭州E邮宝线下分区NEW,10,单票费,票,0.036000,0.037000,22.100000,1.000000
杭州E邮宝线下分区NEW,10,单票费,票,0.037000,0.038000,22.100000,1.000000
杭州E邮宝线下分区NEW,10,单票费,票,0.038000,0.039000,22.100000,1.000000
杭州E邮宝线下分区NEW,10,单票费,票,0.039000,0.040000,22.100000,1.000000
杭州E邮宝线下分区NEW,10,单票费,票,0.040000,0.041000,22.100000,1.000000
杭州E邮宝线下分区NEW,10,单票费,票,0.041000,0.042000,22.100000,1.000000
杭州E邮宝线下分区NEW,10,单票费,票,0.042000,0.043000,22.100000,1.000000
杭州E邮宝线下分区NEW,10,单票费,票,0.043000,0.044000,22.100000,1.000000
杭州E邮宝线下分区NEW,10,单票费,票,0.044000,0.045000,22.100000,1.000000
杭州E邮宝线下分区NEW,10,单票费,票,0.045000,0.046000,22.100000,1.000000
杭州E邮宝线下分区NEW,10,单票费,票,0.046000,0.047000,22.100000,1.000000
杭州E邮宝线下分区NEW,10,单票费,票,0.047000,0.048000,22.100000,1.000000
杭州E邮宝线下分区NEW,10,单票费,票,0.048000,0.049000,22.100000,1.000000
杭州E邮宝线下分区NEW,10,单票费,票,0.049000,0.050000,22.100000,1.000000
杭州E邮宝线下分区NEW,10,单票费,票,0.050000,0.200000,22.100000,1.000000
杭州E邮宝线下分区NEW,10,单票费,票,0.200000,2.000000,22.100000,1.000000
杭州E邮宝线下分区NEW,11,单票费,票,0.000000,0.001000,6.800000,1.000000
杭州E邮宝线下分区NEW,11,单票费,票,0.001000,0.002000,6.800000,1.000000
杭州E邮宝线下分区NEW,11,单票费,票,0.002000,0.003000,6.800000,1.000000
杭州E邮宝线下分区NEW,11,单票费,票,0.003000,0.004000,6.800000,1.000000
杭州E邮宝线下分区NEW,11,单票费,票,0.004000,0.005000,6.800000,1.000000
杭州E邮宝线下分区NEW,11,单票费,票,0.005000,0.006000,6.800000,1.000000
杭州E邮宝线下分区NEW,11,单票费,票,0.006000,0.007000,6.800000,1.000000
杭州E邮宝线下分区NEW,11,单票费,票,0.007000,0.008000,6.800000,1.000000
杭州E邮宝线下分区NEW,11,单票费,票,0.008000,0.009000,6.800000,1.000000
杭州E邮宝线下分区NEW,11,单票费,票,0.009000,0.010000,6.800000,1.000000
杭州E邮宝线下分区NEW,11,单票费,票,0.010000,0.011000,6.800000,1.000000
杭州E邮宝线下分区NEW,11,单票费,票,0.011000,0.012000,6.800000,1.000000
杭州E邮宝线下分区NEW,11,单票费,票,0.012000,0.013000,6.800000,1.000000
杭州E邮宝线下分区NEW,11,单票费,票,0.013000,0.014000,6.800000,1.000000
杭州E邮宝线下分区NEW,11,单票费,票,0.014000,0.015000,6.800000,1.000000
杭州E邮宝线下分区NEW,11,单票费,票,0.015000,0.016000,6.800000,1.000000
杭州E邮宝线下分区NEW,11,单票费,票,0.016000,0.017000,6.800000,1.000000
杭州E邮宝线下分区NEW,11,单票费,票,0.017000,0.018000,6.800000,1.000000
杭州E邮宝线下分区NEW,11,单票费,票,0.018000,0.019000,6.800000,1.000000
杭州E邮宝线下分区NEW,11,单票费,票,0.019000,0.020000,6.800000,1.000000
杭州E邮宝线下分区NEW,11,单票费,票,0.020000,0.021000,6.800000,1.000000
杭州E邮宝线下分区NEW,11,单票费,票,0.021000,0.022000,6.800000,1.000000
杭州E邮宝线下分区NEW,11,单票费,票,0.022000,0.023000,6.800000,1.000000
杭州E邮宝线下分区NEW,11,单票费,票,0.023000,0.024000,6.800000,1.000000
杭州E邮宝线下分区NEW,11,单票费,票,0.024000,0.025000,6.800000,1.000000
杭州E邮宝线下分区NEW,11,单票费,票,0.025000,0.026000,6.800000,1.000000
杭州E邮宝线下分区NEW,11,单票费,票,0.026000,0.027000,6.800000,1.000000
杭州E邮宝线下分区NEW,11,单票费,票,0.027000,0.028000,6.800000,1.000000
杭州E邮宝线下分区NEW,11,单票费,票,0.028000,0.029000,6.800000,1.000000
杭州E邮宝线下分区NEW,11,单票费,票,0.029000,0.030000,6.800000,1.000000
杭州E邮宝线下分区NEW,11,单票费,票,0.030000,0.031000,6.800000,1.000000
杭州E邮宝线下分区NEW,11,单票费,票,0.031000,0.032000,6.800000,1.000000
杭州E邮宝线下分区NEW,11,单票费,票,0.032000,0.033000,6.800000,1.000000
杭州E邮宝线下分区NEW,11,单票费,票,0.033000,0.034000,6.800000,1.000000
杭州E邮宝线下分区NEW,11,单票费,票,0.034000,0.035000,6.800000,1.000000
杭州E邮宝线下分区NEW,11,单票费,票,0.035000,0.036000,6.800000,1.000000
杭州E邮宝线下分区NEW,11,单票费,票,0.036000,0.037000,6.800000,1.000000
杭州E邮宝线下分区NEW,11,单票费,票,0.037000,0.038000,6.800000,1.000000
杭州E邮宝线下分区NEW,11,单票费,票,0.038000,0.039000,6.800000,1.000000
杭州E邮宝线下分区NEW,11,单票费,票,0.039000,0.040000,6.800000,1.000000
杭州E邮宝线下分区NEW,11,单票费,票,0.040000,0.041000,6.800000,1.000000
杭州E邮宝线下分区NEW,11,单票费,票,0.041000,0.042000,6.800000,1.000000
杭州E邮宝线下分区NEW,11,单票费,票,0.042000,0.043000,6.800000,1.000000
杭州E邮宝线下分区NEW,11,单票费,票,0.043000,0.044000,6.800000,1.000000
杭州E邮宝线下分区NEW,11,单票费,票,0.044000,0.045000,6.800000,1.000000
杭州E邮宝线下分区NEW,11,单票费,票,0.045000,0.046000,6.800000,1.000000
杭州E邮宝线下分区NEW,11,单票费,票,0.046000,0.047000,6.800000,1.000000
杭州E邮宝线下分区NEW,11,单票费,票,0.047000,0.048000,6.800000,1.000000
杭州E邮宝线下分区NEW,11,单票费,票,0.048000,0.049000,6.800000,1.000000
杭州E邮宝线下分区NEW,11,单票费,票,0.049000,0.050000,6.800000,1.000000
杭州E邮宝线下分区NEW,11,单票费,票,0.050000,0.200000,6.800000,1.000000
杭州E邮宝线下分区NEW,11,单票费,票,0.200000,2.000000,6.800000,1.000000
顺邮宝挂号分区2,1,单票费,票,0.000000,2.000000,8.000000,1.000000
顺邮宝挂号分区2,2,单票费,票,0.000000,2.000000,8.000000,1.000000
顺邮宝挂号分区2,3,单票费,票,0.000000,2.000000,8.000000,1.000000
顺邮宝挂号分区2,4,单票费,票,0.000000,2.000000,8.000000,1.000000
顺邮宝挂号分区2,5,单票费,票,0.000000,2.000000,8.000000,1.000000
顺邮宝挂号分区2,6,单票费,票,0.000000,2.000000,8.000000,1.000000
顺邮宝挂号分区2,7,单票费,票,0.000000,2.000000,8.000000,1.000000
顺邮宝挂号分区2,8,单票费,票,0.000000,2.000000,8.000000,1.000000
顺邮宝挂号分区2,9,单票费,票,0.000000,2.000000,8.000000,1.000000
顺邮宝挂号分区2,10,单票费,票,0.000000,2.000000,8.000000,1.000000
顺邮宝挂号分区2,11,单票费,票,0.000000,2.000000,8.000000,1.000000
顺邮宝挂号分区2,12,单票费,票,0.000000,2.000000,8.000000,1.000000
顺邮宝挂号分区2,13,单票费,票,0.000000,2.000000,8.000000,1.000000
顺邮宝挂号分区2,14,单票费,票,0.000000,2.000000,8.000000,1.000000
顺邮宝挂号分区2,15,单票费,票,0.000000,2.000000,8.000000,1.000000
顺邮宝挂号分区2,16,单票费,票,0.000000,2.000000,8.000000,1.000000
顺邮宝挂号分区2,17,单票费,票,0.000000,2.000000,8.000000,1.000000
顺邮宝挂号分区2,18,单票费,票,0.000000,2.000000,8.000000,1.000000
顺邮宝挂号分区2,19,单票费,票,0.000000,2.000000,8.000000,1.000000
顺邮宝挂号分区2,20,单票费,票,0.000000,2.000000,8.000000,1.000000
顺邮宝挂号分区2,21,单票费,票,0.000000,2.000000,8.000000,1.000000
顺邮宝挂号分区2,22,单票费,票,0.000000,2.000000,8.000000,1.000000
顺邮宝挂号分区2,23,单票费,票,0.000000,2.000000,8.000000,1.000000
顺邮宝挂号分区2,24,单票费,票,0.000000,2.000000,8.000000,1.000000
顺邮宝挂号分区2,25,单票费,票,0.000000,2.000000,8.000000,1.000000
顺邮宝挂号分区2,26,单票费,票,0.000000,2.000000,8.000000,1.000000
顺邮宝平邮plus分区2,1,单票费,票,0.000000,2.000000,2.500000,1.000000
顺邮宝平邮plus分区2,2,单票费,票,0.000000,2.000000,2.500000,1.000000
顺邮宝平邮plus分区2,3,单票费,票,0.000000,2.000000,2.500000,1.000000
顺邮宝平邮plus分区2,4,单票费,票,0.000000,2.000000,2.500000,1.000000
顺邮宝平邮plus分区2,5,单票费,票,0.000000,2.000000,2.500000,1.000000
顺邮宝平邮plus分区2,6,单票费,票,0.000000,2.000000,2.500000,1.000000
顺邮宝平邮plus分区2,7,单票费,票,0.000000,2.000000,2.500000,1.000000
顺邮宝平邮plus分区2,8,单票费,票,0.000000,2.000000,2.500000,1.000000
顺邮宝平邮plus分区2,9,单票费,票,0.000000,2.000000,2.500000,1.000000
顺邮宝平邮plus分区2,10,单票费,票,0.000000,2.000000,2.500000,1.000000
顺邮宝平邮plus分区2,11,单票费,票,0.000000,2.000000,2.500000,1.000000
顺邮宝平邮plus分区2,12,单票费,票,0.000000,2.000000,2.500000,1.000000
顺邮宝平邮plus分区2,13,单票费,票,0.000000,2.000000,2.500000,1.000000
顺邮宝平邮plus分区2,15,单票费,票,0.000000,2.000000,2.500000,1.000000
顺邮宝平邮plus分区2,16,单票费,票,0.000000,2.000000,2.500000,1.000000
顺邮宝平邮plus分区2,17,单票费,票,0.000000,2.000000,2.500000,1.000000
顺邮宝平邮plus分区2,18,单票费,票,0.000000,2.000000,2.500000,1.000000
顺邮宝平邮plus分区2,19,单票费,票,0.000000,2.000000,2.500000,1.000000
顺邮宝平邮plus分区2,20,单票费,票,0.000000,2.000000,2.500000,1.000000
顺邮宝平邮plus分区2,22,单票费,票,0.000000,2.000000,2.500000,1.000000
顺邮宝平邮plus分区2,23,单票费,票,0.000000,2.000000,2.500000,1.000000
顺邮宝平邮plus分区2,24,单票费,票,0.000000,2.000000,2.500000,1.000000
顺邮宝平邮plus分区2,25,单票费,票,0.000000,2.000000,2.500000,1.000000
万邑通易递宝马邮平邮2,1,单票费,票,0.071000,2.000000,2.600000,1.000000
万邑通易递宝马邮平邮2,2,单票费,票,0.071000,2.000000,2.600000,1.000000
万邑通易递宝马邮平邮2,3,单票费,票,0.071000,2.000000,2.600000,1.000000
万邑通易递宝马邮平邮2,4,单票费,票,0.071000,2.000000,2.600000,1.000000
万邑通易递宝马邮平邮2,5,单票费,票,0.071000,2.000000,2.600000,1.000000
万邑通易递宝马邮平邮2,6,单票费,票,0.071000,2.000000,2.600000,1.000000
万邑通易递宝马邮平邮2,7,单票费,票,0.071000,2.000000,2.600000,1.000000
万邑通易递宝马邮平邮2,8,单票费,票,0.071000,2.000000,2.600000,1.000000
万邑通易递宝马邮平邮2,9,单票费,票,0.071000,2.000000,2.600000,1.000000
万邑通易递宝马邮平邮2,10,单票费,票,0.071000,2.000000,2.600000,1.000000
万邑通易递宝马邮平邮2,11,单票费,票,0.071000,2.000000,2.600000,1.000000
万邑通易递宝马邮平邮2,12,单票费,票,0.071000,2.000000,2.600000,1.000000
万邑通易递宝马邮平邮2,13,单票费,票,0.071000,2.000000,2.600000,1.000000
万邑通易递宝马邮平邮2,14,单票费,票,0.071000,2.000000,2.600000,1.000000
万邑通易递宝马邮平邮2,15,单票费,票,0.071000,2.000000,2.600000,1.000000
万邑通易递宝马邮平邮2,16,单票费,票,0.071000,2.000000,2.600000,1.000000
万邑通易递宝马邮平邮2,17,单票费,票,0.071000,2.000000,2.600000,1.000000
万邑通易递宝马邮平邮2,18,单票费,票,0.071000,2.000000,2.600000,1.000000
万邑通易递宝马邮平邮2,19,单票费,票,0.071000,2.000000,2.600000,1.000000
万邑通易递宝马邮平邮2,20,单票费,票,0.071000,2.000000,2.600000,1.000000
万邑通易递宝马邮平邮2,23,单票费,票,0.071000,2.000000,2.600000,1.000000
万邑通易递宝马邮平邮2,24,单票费,票,0.071000,2.000000,2.600000,1.000000
郑州邮政小包挂号分区NEW,1,单票费,票,0.000000,2.000000,6.400000,1.000000
郑州邮政小包挂号分区NEW,2,单票费,票,0.000000,2.000000,6.400000,1.000000
郑州邮政小包挂号分区NEW,3,单票费,票,0.000000,2.000000,6.400000,1.000000
郑州邮政小包挂号分区NEW,4,单票费,票,0.000000,2.000000,6.400000,1.000000
郑州邮政小包挂号分区NEW,5,单票费,票,0.000000,2.000000,6.400000,1.000000
郑州邮政小包挂号分区NEW,6,单票费,票,0.000000,2.000000,6.400000,1.000000
郑州邮政小包挂号分区NEW,7,单票费,票,0.000000,2.000000,6.400000,1.000000
郑州邮政小包挂号分区NEW,8,单票费,票,0.000000,2.000000,6.400000,1.000000
郑州邮政小包挂号分区NEW,9,单票费,票,0.000000,2.000000,6.400000,1.000000
郑州邮政小包挂号分区NEW,10,单票费,票,0.000000,2.000000,6.400000,1.000000
郑州邮政小包挂号分区NEW,11,单票费,票,0.000000,2.000000,6.400000,1.000000
郑州邮政小包挂号分区NEW,12,单票费,票,0.000000,2.000000,6.400000,1.000000
郑州邮政小包挂号分区NEW,13,单票费,票,0.000000,2.000000,6.400000,1.000000
郑州邮政小包挂号分区NEW,14,单票费,票,0.000000,2.000000,6.400000,1.000000
郑州邮政小包挂号分区NEW,15,单票费,票,0.000000,2.000000,6.400000,1.000000
郑州邮政小包挂号分区NEW,16,单票费,票,0.000000,2.000000,6.400000,1.000000
郑州邮政小包挂号分区NEW,17,单票费,票,0.000000,2.000000,6.400000,1.000000
郑州邮政小包挂号分区NEW,18,单票费,票,0.000000,2.000000,6.400000,1.000000
郑州邮政小包挂号分区NEW,19,单票费,票,0.000000,2.000000,6.400000,1.000000
郑州邮政小包挂号分区NEW,20,单票费,票,0.000000,2.000000,9.600000,1.000000
郑州邮政小包挂号分区NEW,21,单票费,票,0.000000,2.000000,9.600000,1.000000
郑州邮政小包挂号分区NEW,22,单票费,票,0.000000,2.000000,9.600000,1.000000
郑州邮政小包挂号分区NEW,23,单票费,票,0.000000,2.000000,9.600000,1.000000
郑州邮政小包挂号分区NEW,24,单票费,票,0.000000,2.000000,9.600000,1.000000
郑州邮政小包挂号分区NEW,25,单票费,票,0.000000,2.000000,9.600000,1.000000
郑州邮政小包挂号分区NEW,26,单票费,票,0.000000,2.000000,6.400000,1.000000
郑州邮政小包挂号分区NEW,27,单票费,票,0.000000,2.000000,7.200000,1.000000
郑州邮政小包挂号分区NEW,28,单票费,票,0.000000,2.000000,6.400000,1.000000
郑州邮政小包挂号分区NEW,29,单票费,票,0.000000,2.000000,9.600000,1.000000
郑州邮政小包挂号分区NEW,30,单票费,票,0.000000,2.000000,9.600000,1.000000
郑州邮政小包挂号分区NEW,31,单票费,票,0.000000,2.000000,6.400000,1.000000
郑州邮政小包挂号分区NEW,32,单票费,票,0.000000,2.000000,6.400000,1.000000
郑州邮政小包挂号分区NEW,33,单票费,票,0.000000,2.000000,6.400000,1.000000
郑州邮政小包挂号分区NEW,34,单票费,票,0.000000,2.000000,6.400000,1.000000
郑州邮政小包挂号分区NEW,35,单票费,票,0.000000,2.000000,6.400000,1.000000
郑州邮政小包挂号分区NEW,36,单票费,票,0.000000,2.000000,6.400000,1.000000
杭州E邮宝线上分区NEW,1,单票费,票,0.000000,0.001000,7.650000,1.000000
杭州E邮宝线上分区NEW,1,单票费,票,0.001000,0.002000,7.650000,1.000000
杭州E邮宝线上分区NEW,1,单票费,票,0.002000,0.003000,7.650000,1.000000
杭州E邮宝线上分区NEW,1,单票费,票,0.003000,0.004000,7.650000,1.000000
杭州E邮宝线上分区NEW,1,单票费,票,0.004000,0.005000,7.650000,1.000000
杭州E邮宝线上分区NEW,1,单票费,票,0.005000,0.006000,7.650000,1.000000
杭州E邮宝线上分区NEW,1,单票费,票,0.006000,0.007000,7.650000,1.000000
杭州E邮宝线上分区NEW,1,单票费,票,0.007000,0.008000,7.650000,1.000000
杭州E邮宝线上分区NEW,1,单票费,票,0.008000,0.009000,7.650000,1.000000
杭州E邮宝线上分区NEW,1,单票费,票,0.009000,0.010000,7.650000,1.000000
杭州E邮宝线上分区NEW,1,单票费,票,0.010000,0.011000,7.650000,1.000000
杭州E邮宝线上分区NEW,1,单票费,票,0.011000,0.012000,7.650000,1.000000
杭州E邮宝线上分区NEW,1,单票费,票,0.012000,0.013000,7.650000,1.000000
杭州E邮宝线上分区NEW,1,单票费,票,0.013000,0.014000,7.650000,1.000000
杭州E邮宝线上分区NEW,1,单票费,票,0.014000,0.015000,7.650000,1.000000
杭州E邮宝线上分区NEW,1,单票费,票,0.015000,0.016000,7.650000,1.000000
杭州E邮宝线上分区NEW,1,单票费,票,0.016000,0.017000,7.650000,1.000000
杭州E邮宝线上分区NEW,1,单票费,票,0.017000,0.018000,7.650000,1.000000
杭州E邮宝线上分区NEW,1,单票费,票,0.018000,0.019000,7.650000,1.000000
杭州E邮宝线上分区NEW,1,单票费,票,0.019000,0.020000,7.650000,1.000000
杭州E邮宝线上分区NEW,1,单票费,票,0.020000,0.021000,7.650000,1.000000
杭州E邮宝线上分区NEW,1,单票费,票,0.021000,0.022000,7.650000,1.000000
杭州E邮宝线上分区NEW,1,单票费,票,0.022000,0.023000,7.650000,1.000000
杭州E邮宝线上分区NEW,1,单票费,票,0.023000,0.024000,7.650000,1.000000
杭州E邮宝线上分区NEW,1,单票费,票,0.024000,0.025000,7.650000,1.000000
杭州E邮宝线上分区NEW,1,单票费,票,0.025000,0.026000,7.650000,1.000000
杭州E邮宝线上分区NEW,1,单票费,票,0.026000,0.027000,7.650000,1.000000
杭州E邮宝线上分区NEW,1,单票费,票,0.027000,0.028000,7.650000,1.000000
杭州E邮宝线上分区NEW,1,单票费,票,0.028000,0.029000,7.650000,1.000000
杭州E邮宝线上分区NEW,1,单票费,票,0.029000,0.030000,7.650000,1.000000
杭州E邮宝线上分区NEW,1,单票费,票,0.030000,0.031000,7.650000,1.000000
杭州E邮宝线上分区NEW,1,单票费,票,0.031000,0.032000,7.650000,1.000000
杭州E邮宝线上分区NEW,1,单票费,票,0.032000,0.033000,7.650000,1.000000
杭州E邮宝线上分区NEW,1,单票费,票,0.033000,0.034000,7.650000,1.000000
杭州E邮宝线上分区NEW,1,单票费,票,0.034000,0.035000,7.650000,1.000000
杭州E邮宝线上分区NEW,1,单票费,票,0.035000,0.036000,7.650000,1.000000
杭州E邮宝线上分区NEW,1,单票费,票,0.036000,0.037000,7.650000,1.000000
杭州E邮宝线上分区NEW,1,单票费,票,0.037000,0.038000,7.650000,1.000000
杭州E邮宝线上分区NEW,1,单票费,票,0.038000,0.039000,7.650000,1.000000
杭州E邮宝线上分区NEW,1,单票费,票,0.039000,0.040000,7.650000,1.000000
杭州E邮宝线上分区NEW,1,单票费,票,0.040000,0.041000,7.650000,1.000000
杭州E邮宝线上分区NEW,1,单票费,票,0.041000,0.042000,7.650000,1.000000
杭州E邮宝线上分区NEW,1,单票费,票,0.042000,0.043000,7.650000,1.000000
杭州E邮宝线上分区NEW,1,单票费,票,0.043000,0.044000,7.650000,1.000000
杭州E邮宝线上分区NEW,1,单票费,票,0.044000,0.045000,7.650000,1.000000
杭州E邮宝线上分区NEW,1,单票费,票,0.045000,0.046000,7.650000,1.000000
杭州E邮宝线上分区NEW,1,单票费,票,0.046000,0.047000,7.650000,1.000000
杭州E邮宝线上分区NEW,1,单票费,票,0.047000,0.048000,7.650000,1.000000
杭州E邮宝线上分区NEW,1,单票费,票,0.048000,0.049000,7.650000,1.000000
杭州E邮宝线上分区NEW,1,单票费,票,0.049000,0.050000,7.650000,1.000000
杭州E邮宝线上分区NEW,1,单票费,票,0.050000,2.000000,7.650000,1.000000
杭州E邮宝线上分区NEW,2,单票费,票,0.000000,0.001000,6.800000,1.000000
杭州E邮宝线上分区NEW,2,单票费,票,0.001000,0.002000,6.800000,1.000000
杭州E邮宝线上分区NEW,2,单票费,票,0.002000,0.003000,6.800000,1.000000
杭州E邮宝线上分区NEW,2,单票费,票,0.003000,0.004000,6.800000,1.000000
杭州E邮宝线上分区NEW,2,单票费,票,0.004000,0.005000,6.800000,1.000000
杭州E邮宝线上分区NEW,2,单票费,票,0.005000,0.006000,6.800000,1.000000
杭州E邮宝线上分区NEW,2,单票费,票,0.006000,0.007000,6.800000,1.000000
杭州E邮宝线上分区NEW,2,单票费,票,0.007000,0.008000,6.800000,1.000000
杭州E邮宝线上分区NEW,2,单票费,票,0.008000,0.009000,6.800000,1.000000
杭州E邮宝线上分区NEW,2,单票费,票,0.009000,0.010000,6.800000,1.000000
杭州E邮宝线上分区NEW,2,单票费,票,0.010000,0.011000,6.800000,1.000000
杭州E邮宝线上分区NEW,2,单票费,票,0.011000,0.012000,6.800000,1.000000
杭州E邮宝线上分区NEW,2,单票费,票,0.012000,0.013000,6.800000,1.000000
杭州E邮宝线上分区NEW,2,单票费,票,0.013000,0.014000,6.800000,1.000000
杭州E邮宝线上分区NEW,2,单票费,票,0.014000,0.015000,6.800000,1.000000
杭州E邮宝线上分区NEW,2,单票费,票,0.015000,0.016000,6.800000,1.000000
杭州E邮宝线上分区NEW,2,单票费,票,0.016000,0.017000,6.800000,1.000000
杭州E邮宝线上分区NEW,2,单票费,票,0.017000,0.018000,6.800000,1.000000
杭州E邮宝线上分区NEW,2,单票费,票,0.018000,0.019000,6.800000,1.000000
杭州E邮宝线上分区NEW,2,单票费,票,0.019000,0.020000,6.800000,1.000000
杭州E邮宝线上分区NEW,2,单票费,票,0.020000,0.021000,6.800000,1.000000
杭州E邮宝线上分区NEW,2,单票费,票,0.021000,0.022000,6.800000,1.000000
杭州E邮宝线上分区NEW,2,单票费,票,0.022000,0.023000,6.800000,1.000000
杭州E邮宝线上分区NEW,2,单票费,票,0.023000,0.024000,6.800000,1.000000
杭州E邮宝线上分区NEW,2,单票费,票,0.024000,0.025000,6.800000,1.000000
杭州E邮宝线上分区NEW,2,单票费,票,0.025000,0.026000,6.800000,1.000000
杭州E邮宝线上分区NEW,2,单票费,票,0.026000,0.027000,6.800000,1.000000
杭州E邮宝线上分区NEW,2,单票费,票,0.027000,0.028000,6.800000,1.000000
杭州E邮宝线上分区NEW,2,单票费,票,0.028000,0.029000,6.800000,1.000000
杭州E邮宝线上分区NEW,2,单票费,票,0.029000,0.030000,6.800000,1.000000
杭州E邮宝线上分区NEW,2,单票费,票,0.030000,0.031000,6.800000,1.000000
杭州E邮宝线上分区NEW,2,单票费,票,0.031000,0.032000,6.800000,1.000000
杭州E邮宝线上分区NEW,2,单票费,票,0.032000,0.033000,6.800000,1.000000
杭州E邮宝线上分区NEW,2,单票费,票,0.033000,0.034000,6.800000,1.000000
杭州E邮宝线上分区NEW,2,单票费,票,0.034000,0.035000,6.800000,1.000000
杭州E邮宝线上分区NEW,2,单票费,票,0.035000,0.036000,6.800000,1.000000
杭州E邮宝线上分区NEW,2,单票费,票,0.036000,0.037000,6.800000,1.000000
杭州E邮宝线上分区NEW,2,单票费,票,0.037000,0.038000,6.800000,1.000000
杭州E邮宝线上分区NEW,2,单票费,票,0.038000,0.039000,6.800000,1.000000
杭州E邮宝线上分区NEW,2,单票费,票,0.039000,0.040000,6.800000,1.000000
杭州E邮宝线上分区NEW,2,单票费,票,0.040000,0.041000,6.800000,1.000000
杭州E邮宝线上分区NEW,2,单票费,票,0.041000,0.042000,6.800000,1.000000
杭州E邮宝线上分区NEW,2,单票费,票,0.042000,0.043000,6.800000,1.000000
杭州E邮宝线上分区NEW,2,单票费,票,0.043000,0.044000,6.800000,1.000000
杭州E邮宝线上分区NEW,2,单票费,票,0.044000,0.045000,6.800000,1.000000
杭州E邮宝线上分区NEW,2,单票费,票,0.045000,0.046000,6.800000,1.000000
杭州E邮宝线上分区NEW,2,单票费,票,0.046000,0.047000,6.800000,1.000000
杭州E邮宝线上分区NEW,2,单票费,票,0.047000,0.048000,6.800000,1.000000
杭州E邮宝线上分区NEW,2,单票费,票,0.048000,0.049000,6.800000,1.000000
杭州E邮宝线上分区NEW,2,单票费,票,0.049000,0.050000,6.800000,1.000000
杭州E邮宝线上分区NEW,2,单票费,票,0.050000,2.000000,6.800000,1.000000
杭州E邮宝线上分区NEW,3,单票费,票,0.000000,0.001000,16.150000,1.000000
杭州E邮宝线上分区NEW,3,单票费,票,0.001000,0.002000,16.150000,1.000000
杭州E邮宝线上分区NEW,3,单票费,票,0.002000,0.003000,16.150000,1.000000
杭州E邮宝线上分区NEW,3,单票费,票,0.003000,0.004000,16.150000,1.000000
杭州E邮宝线上分区NEW,3,单票费,票,0.004000,0.005000,16.150000,1.000000
杭州E邮宝线上分区NEW,3,单票费,票,0.005000,0.006000,16.150000,1.000000
杭州E邮宝线上分区NEW,3,单票费,票,0.006000,0.007000,16.150000,1.000000
杭州E邮宝线上分区NEW,3,单票费,票,0.007000,0.008000,16.150000,1.000000
杭州E邮宝线上分区NEW,3,单票费,票,0.008000,0.009000,16.150000,1.000000
杭州E邮宝线上分区NEW,3,单票费,票,0.009000,0.010000,16.150000,1.000000
杭州E邮宝线上分区NEW,3,单票费,票,0.010000,0.011000,16.150000,1.000000
杭州E邮宝线上分区NEW,3,单票费,票,0.011000,0.012000,16.150000,1.000000
杭州E邮宝线上分区NEW,3,单票费,票,0.012000,0.013000,16.150000,1.000000
杭州E邮宝线上分区NEW,3,单票费,票,0.013000,0.014000,16.150000,1.000000
杭州E邮宝线上分区NEW,3,单票费,票,0.014000,0.015000,16.150000,1.000000
杭州E邮宝线上分区NEW,3,单票费,票,0.015000,0.016000,16.150000,1.000000
杭州E邮宝线上分区NEW,3,单票费,票,0.016000,0.017000,16.150000,1.000000
杭州E邮宝线上分区NEW,3,单票费,票,0.017000,0.018000,16.150000,1.000000
杭州E邮宝线上分区NEW,3,单票费,票,0.018000,0.019000,16.150000,1.000000
杭州E邮宝线上分区NEW,3,单票费,票,0.019000,0.020000,16.150000,1.000000
杭州E邮宝线上分区NEW,3,单票费,票,0.020000,0.021000,16.150000,1.000000
杭州E邮宝线上分区NEW,3,单票费,票,0.021000,0.022000,16.150000,1.000000
杭州E邮宝线上分区NEW,3,单票费,票,0.022000,0.023000,16.150000,1.000000
杭州E邮宝线上分区NEW,3,单票费,票,0.023000,0.024000,16.150000,1.000000
杭州E邮宝线上分区NEW,3,单票费,票,0.024000,0.025000,16.150000,1.000000
杭州E邮宝线上分区NEW,3,单票费,票,0.025000,0.026000,16.150000,1.000000
杭州E邮宝线上分区NEW,3,单票费,票,0.026000,0.027000,16.150000,1.000000
杭州E邮宝线上分区NEW,3,单票费,票,0.027000,0.028000,16.150000,1.000000
杭州E邮宝线上分区NEW,3,单票费,票,0.028000,0.029000,16.150000,1.000000
杭州E邮宝线上分区NEW,3,单票费,票,0.029000,0.030000,16.150000,1.000000
杭州E邮宝线上分区NEW,3,单票费,票,0.030000,0.031000,16.150000,1.000000
杭州E邮宝线上分区NEW,3,单票费,票,0.031000,0.032000,16.150000,1.000000
杭州E邮宝线上分区NEW,3,单票费,票,0.032000,0.033000,16.150000,1.000000
杭州E邮宝线上分区NEW,3,单票费,票,0.033000,0.034000,16.150000,1.000000
杭州E邮宝线上分区NEW,3,单票费,票,0.034000,0.035000,16.150000,1.000000
杭州E邮宝线上分区NEW,3,单票费,票,0.035000,0.036000,16.150000,1.000000
杭州E邮宝线上分区NEW,3,单票费,票,0.036000,0.037000,16.150000,1.000000
杭州E邮宝线上分区NEW,3,单票费,票,0.037000,0.038000,16.150000,1.000000
杭州E邮宝线上分区NEW,3,单票费,票,0.038000,0.039000,16.150000,1.000000
杭州E邮宝线上分区NEW,3,单票费,票,0.039000,0.040000,16.150000,1.000000
杭州E邮宝线上分区NEW,3,单票费,票,0.040000,0.041000,16.150000,1.000000
杭州E邮宝线上分区NEW,3,单票费,票,0.041000,0.042000,16.150000,1.000000
杭州E邮宝线上分区NEW,3,单票费,票,0.042000,0.043000,16.150000,1.000000
杭州E邮宝线上分区NEW,3,单票费,票,0.043000,0.044000,16.150000,1.000000
杭州E邮宝线上分区NEW,3,单票费,票,0.044000,0.045000,16.150000,1.000000
杭州E邮宝线上分区NEW,3,单票费,票,0.045000,0.046000,16.150000,1.000000
杭州E邮宝线上分区NEW,3,单票费,票,0.046000,0.047000,16.150000,1.000000
杭州E邮宝线上分区NEW,3,单票费,票,0.047000,0.048000,16.150000,1.000000
杭州E邮宝线上分区NEW,3,单票费,票,0.048000,0.049000,16.150000,1.000000
杭州E邮宝线上分区NEW,3,单票费,票,0.049000,0.050000,16.150000,1.000000
杭州E邮宝线上分区NEW,3,单票费,票,0.050000,2.000000,16.150000,1.000000
杭州E邮宝线上分区NEW,4,单票费,票,0.000000,0.001000,14.450000,1.000000
杭州E邮宝线上分区NEW,4,单票费,票,0.001000,0.002000,14.450000,1.000000
杭州E邮宝线上分区NEW,4,单票费,票,0.002000,0.003000,14.450000,1.000000
杭州E邮宝线上分区NEW,4,单票费,票,0.003000,0.004000,14.450000,1.000000
杭州E邮宝线上分区NEW,4,单票费,票,0.004000,0.005000,14.450000,1.000000
杭州E邮宝线上分区NEW,4,单票费,票,0.005000,0.006000,14.450000,1.000000
杭州E邮宝线上分区NEW,4,单票费,票,0.006000,0.007000,14.450000,1.000000
杭州E邮宝线上分区NEW,4,单票费,票,0.007000,0.008000,14.450000,1.000000
杭州E邮宝线上分区NEW,4,单票费,票,0.008000,0.009000,14.450000,1.000000
杭州E邮宝线上分区NEW,4,单票费,票,0.009000,0.010000,14.450000,1.000000
杭州E邮宝线上分区NEW,4,单票费,票,0.010000,0.011000,14.450000,1.000000
杭州E邮宝线上分区NEW,4,单票费,票,0.011000,0.012000,14.450000,1.000000
杭州E邮宝线上分区NEW,4,单票费,票,0.012000,0.013000,14.450000,1.000000
杭州E邮宝线上分区NEW,4,单票费,票,0.013000,0.014000,14.450000,1.000000
杭州E邮宝线上分区NEW,4,单票费,票,0.014000,0.015000,14.450000,1.000000
杭州E邮宝线上分区NEW,4,单票费,票,0.015000,0.016000,14.450000,1.000000
杭州E邮宝线上分区NEW,4,单票费,票,0.016000,0.017000,14.450000,1.000000
杭州E邮宝线上分区NEW,4,单票费,票,0.017000,0.018000,14.450000,1.000000
杭州E邮宝线上分区NEW,4,单票费,票,0.018000,0.019000,14.450000,1.000000
杭州E邮宝线上分区NEW,4,单票费,票,0.019000,0.020000,14.450000,1.000000
杭州E邮宝线上分区NEW,4,单票费,票,0.020000,0.021000,14.450000,1.000000
杭州E邮宝线上分区NEW,4,单票费,票,0.021000,0.022000,14.450000,1.000000
杭州E邮宝线上分区NEW,4,单票费,票,0.022000,0.023000,14.450000,1.000000
杭州E邮宝线上分区NEW,4,单票费,票,0.023000,0.024000,14.450000,1.000000
杭州E邮宝线上分区NEW,4,单票费,票,0.024000,0.025000,14.450000,1.000000
杭州E邮宝线上分区NEW,4,单票费,票,0.025000,0.026000,14.450000,1.000000
杭州E邮宝线上分区NEW,4,单票费,票,0.026000,0.027000,14.450000,1.000000
杭州E邮宝线上分区NEW,4,单票费,票,0.027000,0.028000,14.450000,1.000000
杭州E邮宝线上分区NEW,4,单票费,票,0.028000,0.029000,14.450000,1.000000
杭州E邮宝线上分区NEW,4,单票费,票,0.029000,0.030000,14.450000,1.000000
杭州E邮宝线上分区NEW,4,单票费,票,0.030000,0.031000,14.450000,1.000000
杭州E邮宝线上分区NEW,4,单票费,票,0.031000,0.032000,14.450000,1.000000
杭州E邮宝线上分区NEW,4,单票费,票,0.032000,0.033000,14.450000,1.000000
杭州E邮宝线上分区NEW,4,单票费,票,0.033000,0.034000,14.450000,1.000000
杭州E邮宝线上分区NEW,4,单票费,票,0.034000,0.035000,14.450000,1.000000
杭州E邮宝线上分区NEW,4,单票费,票,0.035000,0.036000,14.450000,1.000000
杭州E邮宝线上分区NEW,4,单票费,票,0.036000,0.037000,14.450000,1.000000
杭州E邮宝线上分区NEW,4,单票费,票,0.037000,0.038000,14.450000,1.000000
杭州E邮宝线上分区NEW,4,单票费,票,0.038000,0.039000,14.450000,1.000000
杭州E邮宝线上分区NEW,4,单票费,票,0.039000,0.040000,14.450000,1.000000
杭州E邮宝线上分区NEW,4,单票费,票,0.040000,0.041000,14.450000,1.000000
杭州E邮宝线上分区NEW,4,单票费,票,0.041000,0.042000,14.450000,1.000000
杭州E邮宝线上分区NEW,4,单票费,票,0.042000,0.043000,14.450000,1.000000
杭州E邮宝线上分区NEW,4,单票费,票,0.043000,0.044000,14.450000,1.000000
杭州E邮宝线上分区NEW,4,单票费,票,0.044000,0.045000,14.450000,1.000000
杭州E邮宝线上分区NEW,4,单票费,票,0.045000,0.046000,14.450000,1.000000
杭州E邮宝线上分区NEW,4,单票费,票,0.046000,0.047000,14.450000,1.000000
杭州E邮宝线上分区NEW,4,单票费,票,0.047000,0.048000,14.450000,1.000000
杭州E邮宝线上分区NEW,4,单票费,票,0.048000,0.049000,14.450000,1.000000
杭州E邮宝线上分区NEW,4,单票费,票,0.049000,0.050000,14.450000,1.000000
杭州E邮宝线上分区NEW,4,单票费,票,0.050000,2.000000,14.450000,1.000000
马邮小包挂号分区2,1,单票费,票,0.000000,2.000000,8.000000,1.000000
马邮小包挂号分区2,2,单票费,票,0.000000,2.000000,8.000000,1.000000
马邮小包挂号分区2,3,单票费,票,0.000000,2.000000,8.000000,1.000000
马邮小包挂号分区2,4,单票费,票,0.000000,2.000000,8.000000,1.000000
马邮小包挂号分区2,5,单票费,票,0.000000,2.000000,8.000000,1.000000
马邮小包挂号分区2,6,单票费,票,0.000000,2.000000,8.000000,1.000000
万邑通易递宝马邮平邮4,1,单票费,票,0.000000,2.000000,2.600000,1.000000
万邑通易递宝马邮平邮4,2,单票费,票,0.000000,2.000000,2.600000,1.000000
万邑通易递宝马邮平邮4,3,单票费,票,0.000000,2.000000,2.600000,1.000000
万邑通易递宝马邮平邮4,4,单票费,票,0.000000,2.000000,2.600000,1.000000
万邑通易递宝马邮平邮4,5,单票费,票,0.000000,2.000000,2.600000,1.000000
万邑通易递宝马邮平邮4,6,单票费,票,0.000000,2.000000,2.600000,1.000000
万邑通易递宝马邮平邮4,7,单票费,票,0.000000,2.000000,2.600000,1.000000
万邑通易递宝马邮平邮4,8,单票费,票,0.000000,2.000000,2.600000,1.000000
万邑通易递宝马邮平邮4,9,单票费,票,0.000000,2.000000,2.600000,1.000000
万邑通易递宝马邮平邮4,10,单票费,票,0.000000,2.000000,2.600000,1.000000
万邑通易递宝马邮平邮4,11,单票费,票,0.000000,2.000000,2.600000,1.000000
万邑通易递宝马邮平邮4,12,单票费,票,0.000000,2.000000,2.600000,1.000000
万邑通易递宝马邮平邮4,13,单票费,票,0.000000,2.000000,2.600000,1.000000
万邑通易递宝马邮平邮4,14,单票费,票,0.000000,2.000000,2.600000,1.000000
万邑通易递宝马邮平邮4,15,单票费,票,0.000000,2.000000,2.600000,1.000000
万邑通易递宝马邮平邮4,16,单票费,票,0.000000,2.000000,2.600000,1.000000
万邑通易递宝马邮平邮4,17,单票费,票,0.000000,2.000000,2.600000,1.000000
万邑通易递宝马邮平邮4,18,单票费,票,0.000000,2.000000,2.600000,1.000000
万邑通易递宝马邮平邮4,19,单票费,票,0.000000,2.000000,2.600000,1.000000
万邑通易递宝马邮平邮4,20,单票费,票,0.000000,2.000000,2.600000,1.000000
万邑通易递宝马邮平邮4,23,单票费,票,0.000000,2.000000,2.600000,1.000000
万邑通易递宝马邮平邮4,24,单票费,票,0.000000,2.000000,2.600000,1.000000
万邑通易递宝马邮平邮4,31,单票费,票,0.000000,2.000000,2.600000,1.000000
万邑通易递宝马邮平邮4,34,单票费,票,0.000000,2.000000,2.600000,1.000000
万邑通易递宝马邮平邮4,36,单票费,票,0.000000,2.000000,2.600000,1.000000
万邑通易递宝马邮平邮4,37,单票费,票,0.000000,2.000000,2.600000,1.000000
万邑通易递宝马邮平邮4,40,单票费,票,0.000000,2.000000,2.600000,1.000000
郑州e邮宝线下分区,1,单票费,票,0.000000,2.000000,8.000000,1.000000
郑州e邮宝线下分区,2,单票费,票,0.000000,2.000000,15.200000,1.000000
郑州e邮宝线下分区,3,单票费,票,0.000000,2.000000,8.000000,1.000000
郑州e邮宝线下分区,4,单票费,票,0.000000,2.000000,13.600000,1.000000
郑州e邮宝线下分区,5,单票费,票,0.000000,2.000000,15.200000,1.000000
郑州e邮宝线下分区,6,单票费,票,0.000000,2.000000,20.800000,1.000000
郑州e邮宝线下分区,7,单票费,票,0.000000,2.000000,8.000000,1.000000
郑州e邮宝线下分区,8,单票费,票,0.000000,2.000000,13.600000,1.000000
郑州e邮宝线下分区,9,单票费,票,0.000000,2.000000,17.600000,1.000000
郑州e邮宝线下分区,10,单票费,票,0.000000,2.000000,17.600000,1.000000
郑州e邮宝线下分区,11,单票费,票,0.000000,2.000000,17.600000,1.000000
郑州e邮宝线下分区,12,单票费,票,0.000000,2.000000,17.600000,1.000000
郑州e邮宝线下分区,13,单票费,票,0.000000,2.000000,7.200000,1.000000
郑州e邮宝线下分区,14,单票费,票,0.000000,2.000000,17.600000,1.000000
郑州e邮宝线下分区,15,单票费,票,0.000000,2.000000,13.600000,1.000000
郑州e邮宝线下分区,16,单票费,票,0.000000,2.000000,11.200000,1.000000
郑州e邮宝线下分区,17,单票费,票,0.000000,2.000000,9.600000,1.000000
郑州e邮宝线上分区,1,单票费,票,0.000000,2.000000,8.000000,1.000000
郑州e邮宝线上分区,2,单票费,票,0.000000,2.000000,6.400000,1.000000
郑州e邮宝线上分区,3,单票费,票,0.000000,2.000000,13.600000,1.000000
郑州e邮宝线上分区,4,单票费,票,0.000000,2.000000,15.200000,1.000000
顺邮宝挂号分区,1,单票费,票,0.000000,2.000000,8.000000,1.000000
顺邮宝挂号分区,2,单票费,票,0.000000,2.000000,8.000000,1.000000
顺邮宝挂号分区,3,单票费,票,0.000000,2.000000,8.000000,1.000000
顺邮宝挂号分区,4,单票费,票,0.000000,2.000000,8.000000,1.000000
顺邮宝挂号分区,5,单票费,票,0.000000,2.000000,8.000000,1.000000
顺邮宝挂号分区,6,单票费,票,0.000000,2.000000,8.000000,1.000000
顺邮宝挂号分区,7,单票费,票,0.000000,2.000000,8.000000,1.000000
顺邮宝挂号分区,8,单票费,票,0.000000,2.000000,8.000000,1.000000
顺邮宝挂号分区,9,单票费,票,0.000000,2.000000,8.000000,1.000000
顺邮宝挂号分区,10,单票费,票,0.000000,2.000000,8.000000,1.000000
顺邮宝挂号分区,11,单票费,票,0.000000,2.000000,8.000000,1.000000
顺邮宝挂号分区,12,单票费,票,0.000000,2.000000,8.000000,1.000000
顺邮宝挂号分区,13,单票费,票,0.000000,2.000000,8.000000,1.000000
顺邮宝挂号分区,14,单票费,票,0.000000,2.000000,8.000000,1.000000
顺邮宝挂号分区,15,单票费,票,0.000000,2.000000,8.000000,1.000000
顺邮宝挂号分区,16,单票费,票,0.000000,2.000000,8.000000,1.000000
顺邮宝挂号分区,17,单票费,票,0.000000,2.000000,8.000000,1.000000
顺邮宝挂号分区,18,单票费,票,0.000000,2.000000,8.000000,1.000000
顺邮宝挂号分区,19,单票费,票,0.000000,2.000000,8.000000,1.000000
顺邮宝挂号分区,20,单票费,票,0.000000,2.000000,8.000000,1.000000
顺邮宝挂号分区,21,单票费,票,0.000000,2.000000,8.000000,1.000000
顺邮宝挂号分区,22,单票费,票,0.000000,2.000000,8.000000,1.000000
顺邮宝挂号分区,23,单票费,票,0.000000,2.000000,8.000000,1.000000
顺邮宝挂号分区,24,单票费,票,0.000000,2.000000,8.000000,1.000000
顺邮宝挂号分区,25,单票费,票,0.000000,2.000000,8.000000,1.000000
顺邮宝挂号分区,26,单票费,票,0.000000,2.000000,8.000000,1.000000
顺邮宝平邮plus分区,1,单票费,票,0.000000,2.000000,2.500000,1.000000
顺邮宝平邮plus分区,2,单票费,票,0.000000,2.000000,2.500000,1.000000
顺邮宝平邮plus分区,3,单票费,票,0.000000,2.000000,2.500000,1.000000
顺邮宝平邮plus分区,4,单票费,票,0.000000,2.000000,2.500000,1.000000
顺邮宝平邮plus分区,5,单票费,票,0.000000,2.000000,2.500000,1.000000
顺邮宝平邮plus分区,6,单票费,票,0.000000,2.000000,2.500000,1.000000
顺邮宝平邮plus分区,7,单票费,票,0.000000,2.000000,2.500000,1.000000
顺邮宝平邮plus分区,8,单票费,票,0.000000,2.000000,2.500000,1.000000
顺邮宝平邮plus分区,9,单票费,票,0.000000,2.000000,2.500000,1.000000
顺邮宝平邮plus分区,10,单票费,票,0.000000,2.000000,2.500000,1.000000
顺邮宝平邮plus分区,11,单票费,票,0.000000,2.000000,2.500000,1.000000
顺邮宝平邮plus分区,12,单票费,票,0.000000,2.000000,2.500000,1.000000
顺邮宝平邮plus分区,13,单票费,票,0.000000,2.000000,2.500000,1.000000
顺邮宝平邮plus分区,15,单票费,票,0.000000,2.000000,2.500000,1.000000
顺邮宝平邮plus分区,16,单票费,票,0.000000,2.000000,2.500000,1.000000
顺邮宝平邮plus分区,17,单票费,票,0.000000,2.000000,2.500000,1.000000
顺邮宝平邮plus分区,18,单票费,票,0.000000,2.000000,2.500000,1.000000
顺邮宝平邮plus分区,19,单票费,票,0.000000,2.000000,2.500000,1.000000
顺邮宝平邮plus分区,20,单票费,票,0.000000,2.000000,2.500000,1.000000
顺邮宝平邮plus分区,22,单票费,票,0.000000,2.000000,2.500000,1.000000
顺邮宝平邮plus分区,23,单票费,票,0.000000,2.000000,2.500000,1.000000
顺邮宝平邮plus分区,24,单票费,票,0.000000,2.000000,2.500000,1.000000
顺邮宝平邮plus分区,25,单票费,票,0.000000,2.000000,2.500000,1.000000
顺邮宝挂号plus,1,单票费,票,0.000000,2.000000,11.000000,1.000000
顺邮宝挂号plus,2,单票费,票,0.000000,2.000000,11.000000,1.000000
顺邮宝挂号plus,3,单票费,票,0.000000,2.000000,11.000000,1.000000
顺邮宝挂号plus,4,单票费,票,0.000000,2.000000,11.000000,1.000000
顺邮宝挂号plus,5,单票费,票,0.000000,2.000000,11.000000,1.000000
顺邮宝挂号plus,6,单票费,票,0.000000,2.000000,11.000000,1.000000
顺邮宝挂号plus,7,单票费,票,0.000000,2.000000,11.000000,1.000000
顺邮宝挂号plus,8,单票费,票,0.000000,2.000000,11.000000,1.000000
顺邮宝挂号plus,9,单票费,票,0.000000,2.000000,11.000000,1.000000
顺邮宝挂号plus,10,单票费,票,0.000000,2.000000,11.000000,1.000000
顺邮宝挂号plus,11,单票费,票,0.000000,2.000000,11.000000,1.000000
顺邮宝挂号plus,12,单票费,票,0.000000,2.000000,11.000000,1.000000
顺邮宝挂号plus,13,单票费,票,0.000000,2.000000,11.000000,1.000000
顺邮宝挂号plus,14,单票费,票,0.000000,2.000000,11.000000,1.000000
顺邮宝挂号plus,15,单票费,票,0.000000,2.000000,11.000000,1.000000
顺邮宝挂号plus,16,单票费,票,0.000000,2.000000,11.000000,1.000000
顺邮宝挂号plus,17,单票费,票,0.000000,2.000000,11.000000,1.000000
顺邮宝挂号plus,18,单票费,票,0.000000,2.000000,11.000000,1.000000
顺邮宝挂号plus,19,单票费,票,0.000000,2.000000,11.000000,1.000000
顺邮宝挂号plus,20,单票费,票,0.000000,2.000000,11.000000,1.000000
顺邮宝挂号plus,21,单票费,票,0.000000,2.000000,11.000000,1.000000
顺邮宝挂号plus,22,单票费,票,0.000000,2.000000,11.000000,1.000000
广州E邮宝线下分区NEW,1,单票费,票,0.000000,2.000000,10.000000,1.000000
广州E邮宝线下分区NEW,2,单票费,票,0.000000,2.000000,19.000000,1.000000
广州E邮宝线下分区NEW,3,单票费,票,0.000000,2.000000,10.000000,1.000000
广州E邮宝线下分区NEW,4,单票费,票,0.000000,2.000000,17.000000,1.000000
广州E邮宝线下分区NEW,5,单票费,票,0.000000,2.000000,19.000000,1.000000
广州E邮宝线下分区NEW,6,单票费,票,0.000000,2.000000,26.000000,1.000000
广州E邮宝线下分区NEW,7,单票费,票,0.000000,2.000000,8.000000,1.000000
广州E邮宝线下分区NEW,8,单票费,票,0.000000,2.000000,17.000000,1.000000
广州E邮宝线下分区NEW,9,单票费,票,0.000000,2.000000,22.000000,1.000000
广州E邮宝线下分区NEW,10,单票费,票,0.000000,2.000000,22.000000,1.000000
广州E邮宝线下分区NEW,11,单票费,票,0.000000,2.000000,22.000000,1.000000
广州E邮宝线下分区NEW,12,单票费,票,0.000000,2.000000,22.000000,1.000000
广州E邮宝线下分区NEW,13,单票费,票,0.000000,2.000000,9.000000,1.000000
广州E邮宝线下分区NEW,14,单票费,票,0.000000,2.000000,22.000000,1.000000
广州E邮宝线下分区NEW,15,单票费,票,0.000000,2.000000,17.000000,1.000000
广州E邮宝线下分区NEW,16,单票费,票,0.000000,2.000000,14.000000,1.000000
广州E邮宝线下分区NEW,17,单票费,票,0.000000,2.000000,12.000000,1.000000
DHL经济小包平邮分区NEW,1,单票费,票,0.000000,2.000000,4.560000,1.000000
DHL经济小包平邮分区NEW,2,单票费,票,0.000000,2.000000,5.225000,1.000000
DHL经济小包平邮分区NEW,3,单票费,票,0.000000,2.000000,5.320000,1.000000
DHL经济小包平邮分区NEW,4,单票费,票,0.000000,2.000000,3.325000,1.000000
DHL经济小包平邮分区NEW,5,单票费,票,0.000000,2.000000,5.225000,1.000000
DHL经济小包平邮分区NEW,6,单票费,票,0.000000,2.000000,16.340000,1.000000
DHL经济小包平邮分区NEW,7,单票费,票,0.000000,2.000000,1.710000,1.000000
DHL经济小包平邮分区NEW,8,单票费,票,0.000000,2.000000,17.860000,1.000000
DHL经济小包平邮分区NEW,9,单票费,票,0.000000,2.000000,5.320000,1.000000
DHL经济小包平邮分区NEW,10,单票费,票,0.000000,2.000000,4.370000,1.000000
DHL经济小包平邮分区NEW,11,单票费,票,0.000000,2.000000,5.225000,1.000000
DHL经济小包平邮分区NEW,12,单票费,票,0.000000,2.000000,5.130000,1.000000
DHL经济小包平邮分区NEW,13,单票费,票,0.000000,2.000000,16.530000,1.000000
DHL经济小包平邮分区NEW,14,单票费,票,0.000000,2.000000,5.225000,1.000000
DHL经济小包平邮分区NEW,15,单票费,票,0.000000,2.000000,21.755000,1.000000
DHL经济小包平邮分区NEW,16,单票费,票,0.000000,2.000000,4.655000,1.000000
DHL经济小包平邮分区NEW,17,单票费,票,0.000000,2.000000,5.225000,1.000000
DHL经济小包平邮分区NEW,18,单票费,票,0.000000,2.000000,1.615000,1.000000
DHL经济小包平邮分区NEW,19,单票费,票,0.000000,2.000000,4.655000,1.000000
DHL经济小包平邮分区NEW,20,单票费,票,0.000000,2.000000,15.010000,1.000000
DHL经济小包平邮分区NEW,21,单票费,票,0.000000,2.000000,3.515000,1.000000
DHL经济小包平邮分区NEW,22,单票费,票,0.000000,2.000000,5.225000,1.000000
DHL经济小包平邮分区NEW,23,单票费,票,0.000000,2.000000,5.225000,1.000000
DHL经济小包平邮分区NEW,24,单票费,票,0.000000,2.000000,1.805000,1.000000
DHL经济小包平邮分区NEW,25,单票费,票,0.000000,2.000000,1.805000,1.000000
DHL经济小包平邮分区NEW,26,单票费,票,0.000000,2.000000,5.225000,1.000000
DHL经济小包平邮分区NEW,27,单票费,票,0.000000,2.000000,5.130000,1.000000
DHL经济小包平邮分区NEW,28,单票费,票,0.000000,2.000000,5.225000,1.000000
DHL经济小包平邮分区NEW,29,单票费,票,0.000000,2.000000,1.710000,1.000000
DHL经济小包平邮分区NEW,30,单票费,票,0.000000,2.000000,1.710000,1.000000
DHL经济小包平邮分区NEW,31,单票费,票,0.000000,2.000000,1.710000,1.000000
DHL经济小包平邮分区NEW,32,单票费,票,0.000000,2.000000,5.605000,1.000000
DHL经济小包平邮分区NEW,33,单票费,票,0.000000,2.000000,5.700000,1.000000
DHL经济小包挂号分区NEW,1,单票费,票,0.000000,2.000000,15.580000,1.000000
DHL经济小包挂号分区NEW,2,单票费,票,0.000000,2.000000,14.345000,1.000000
DHL经济小包挂号分区NEW,3,单票费,票,0.000000,2.000000,13.680000,1.000000
DHL经济小包挂号分区NEW,4,单票费,票,0.000000,2.000000,10.355000,1.000000
DHL经济小包挂号分区NEW,5,单票费,票,0.000000,2.000000,17.290000,1.000000
DHL经济小包挂号分区NEW,6,单票费,票,0.000000,2.000000,28.405000,1.000000
DHL经济小包挂号分区NEW,7,单票费,票,0.000000,2.000000,8.740000,1.000000
DHL经济小包挂号分区NEW,8,单票费,票,0.000000,2.000000,25.745000,1.000000
DHL经济小包挂号分区NEW,9,单票费,票,0.000000,2.000000,12.730000,1.000000
DHL经济小包挂号分区NEW,10,单票费,票,0.000000,2.000000,11.400000,1.000000
DHL经济小包挂号分区NEW,11,单票费,票,0.000000,2.000000,17.290000,1.000000
DHL经济小包挂号分区NEW,12,单票费,票,0.000000,2.000000,12.160000,1.000000
DHL经济小包挂号分区NEW,13,单票费,票,0.000000,2.000000,29.450000,1.000000
DHL经济小包挂号分区NEW,14,单票费,票,0.000000,2.000000,12.255000,1.000000
DHL经济小包挂号分区NEW,15,单票费,票,0.000000,2.000000,28.785000,1.000000
DHL经济小包挂号分区NEW,16,单票费,票,0.000000,2.000000,12.065000,1.000000
DHL经济小包挂号分区NEW,17,单票费,票,0.000000,2.000000,12.255000,1.000000
DHL经济小包挂号分区NEW,18,单票费,票,0.000000,2.000000,13.300000,1.000000
DHL经济小包挂号分区NEW,19,单票费,票,0.000000,2.000000,12.065000,1.000000
DHL经济小包挂号分区NEW,20,单票费,票,0.000000,2.000000,27.835000,1.000000
DHL经济小包挂号分区NEW,21,单票费,票,0.000000,2.000000,11.780000,1.000000
DHL经济小包挂号分区NEW,22,单票费,票,0.000000,2.000000,17.290000,1.000000
DHL经济小包挂号分区NEW,23,单票费,票,0.000000,2.000000,17.290000,1.000000
DHL经济小包挂号分区NEW,24,单票费,票,0.000000,2.000000,9.215000,1.000000
DHL经济小包挂号分区NEW,25,单票费,票,0.000000,2.000000,9.215000,1.000000
DHL经济小包挂号分区NEW,26,单票费,票,0.000000,2.000000,17.290000,1.000000
DHL经济小包挂号分区NEW,27,单票费,票,0.000000,2.000000,12.730000,1.000000
DHL经济小包挂号分区NEW,28,单票费,票,0.000000,2.000000,12.255000,1.000000
DHL经济小包挂号分区NEW,29,单票费,票,0.000000,2.000000,8.740000,1.000000
DHL经济小包挂号分区NEW,30,单票费,票,0.000000,2.000000,8.740000,1.000000
DHL经济小包挂号分区NEW,31,单票费,票,0.000000,2.000000,13.775000,1.000000
DHL经济小包挂号分区NEW,32,单票费,票,0.000000,2.000000,17.290000,1.000000
DHL经济小包挂号分区NEW,33,单票费,票,0.000000,2.000000,13.110000,1.000000
万邑通易递宝马邮平邮3,1,单票费,票,0.000000,2.000000,2.600000,1.000000
万邑通易递宝马邮平邮3,2,单票费,票,0.000000,2.000000,2.600000,1.000000
万邑通易递宝马邮平邮3,3,单票费,票,0.000000,2.000000,2.600000,1.000000
万邑通易递宝马邮平邮3,4,单票费,票,0.000000,2.000000,2.600000,1.000000
万邑通易递宝马邮平邮3,5,单票费,票,0.000000,2.000000,2.600000,1.000000
万邑通易递宝马邮平邮3,6,单票费,票,0.000000,2.000000,2.600000,1.000000
万邑通易递宝马邮平邮3,7,单票费,票,0.000000,2.000000,2.600000,1.000000
万邑通易递宝马邮平邮3,8,单票费,票,0.000000,2.000000,2.600000,1.000000
万邑通易递宝马邮平邮3,9,单票费,票,0.000000,2.000000,2.600000,1.000000
万邑通易递宝马邮平邮3,10,单票费,票,0.000000,2.000000,2.600000,1.000000
万邑通易递宝马邮平邮3,11,单票费,票,0.000000,2.000000,2.600000,1.000000
万邑通易递宝马邮平邮3,12,单票费,票,0.000000,2.000000,2.600000,1.000000
万邑通易递宝马邮平邮3,13,单票费,票,0.000000,2.000000,2.600000,1.000000
万邑通易递宝马邮平邮3,14,单票费,票,0.000000,2.000000,2.600000,1.000000
万邑通易递宝马邮平邮3,15,单票费,票,0.000000,2.000000,2.600000,1.000000
万邑通易递宝马邮平邮3,16,单票费,票,0.000000,2.000000,2.600000,1.000000
万邑通易递宝马邮平邮3,17,单票费,票,0.000000,2.000000,2.600000,1.000000
万邑通易递宝马邮平邮3,18,单票费,票,0.000000,2.000000,2.600000,1.000000
万邑通易递宝马邮平邮3,19,单票费,票,0.000000,2.000000,2.600000,1.000000
万邑通易递宝马邮平邮3,20,单票费,票,0.000000,2.000000,2.600000,1.000000
万邑通易递宝马邮平邮3,23,单票费,票,0.000000,2.000000,2.600000,1.000000
万邑通易递宝马邮平邮3,24,单票费,票,0.000000,2.000000,2.600000,1.000000
燕文WISH邮挂号,1,单票费,票,0.000000,2.000000,10.000000,1.000000
燕文WISH邮挂号,2,单票费,票,0.000000,2.000000,10.000000,1.000000
燕文WISH邮挂号,3,单票费,票,0.000000,2.000000,8.000000,1.000000
燕文WISH邮挂号,4,单票费,票,0.000000,2.000000,8.000000,1.000000
燕文WISH邮挂号,5,单票费,票,0.000000,2.000000,8.000000,1.000000
燕文WISH邮挂号,6,单票费,票,0.000000,2.000000,8.000000,1.000000
燕文WISH邮挂号,7,单票费,票,0.000000,2.000000,12.000000,1.000000
燕文WISH邮挂号,8,单票费,票,0.000000,2.000000,12.000000,1.000000
燕文WISH邮挂号,9,单票费,票,0.000000,2.000000,12.000000,1.000000
燕文WISH邮挂号,10,单票费,票,0.000000,2.000000,12.000000,1.000000
燕文WISH邮挂号,11,单票费,票,0.000000,2.000000,12.000000,1.000000
燕文WISH邮挂号,12,单票费,票,0.000000,2.000000,12.000000,1.000000
燕文WISH邮挂号,13,单票费,票,0.000000,2.000000,8.000000,1.000000
燕文WISH邮挂号,14,单票费,票,0.000000,2.000000,8.000000,1.000000
燕文WISH邮挂号,15,单票费,票,0.000000,2.000000,8.000000,1.000000
燕文WISH邮挂号,16,单票费,票,0.000000,2.000000,8.000000,1.000000
燕文WISH邮挂号,17,单票费,票,0.000000,2.000000,8.000000,1.000000
燕文WISH邮挂号,18,单票费,票,0.000000,2.000000,8.000000,1.000000
燕文WISH邮挂号,19,单票费,票,0.000000,2.000000,8.000000,1.000000
燕文WISH邮挂号,20,单票费,票,0.000000,2.000000,8.000000,1.000000
燕文WISH邮挂号,21,单票费,票,0.000000,2.000000,8.000000,1.000000
燕文WISH邮挂号,22,单票费,票,0.000000,2.000000,8.000000,1.000000
燕文WISH邮挂号,23,单票费,票,0.000000,2.000000,8.000000,1.000000
燕文WISH邮挂号,24,单票费,票,0.000000,2.000000,8.000000,1.000000
燕文WISH邮挂号,25,单票费,票,0.000000,2.000000,8.000000,1.000000
燕文WISH邮挂号,26,单票费,票,0.000000,2.000000,8.000000,1.000000
燕文WISH邮挂号,27,单票费,票,0.000000,2.000000,8.000000,1.000000
燕文WISH邮挂号,28,单票费,票,0.000000,2.000000,8.000000,1.000000
燕文WISH邮挂号,29,单票费,票,0.000000,2.000000,9.000000,1.000000
燕文WISH邮挂号,30,单票费,票,0.000000,2.000000,8.000000,1.000000
燕文WISH邮挂号,31,单票费,票,0.000000,2.000000,8.000000,1.000000
燕文WISH邮挂号,32,单票费,票,0.000000,2.000000,8.000000,1.000000
燕文WISH邮挂号,33,单票费,票,0.000000,2.000000,8.000000,1.000000
燕文WISH邮挂号,34,单票费,票,0.000000,2.000000,8.000000,1.000000
燕文WISH邮挂号,35,单票费,票,0.000000,2.000000,8.000000,1.000000
燕文WISH邮挂号,36,单票费,票,0.000000,2.000000,8.000000,1.000000
燕文WISH邮挂号,37,单票费,票,0.000000,2.000000,12.000000,1.000000
燕文WISH邮挂号,38,单票费,票,0.000000,2.000000,12.000000,1.000000
马邮小包挂号分区,1,单票费,票,0.000000,2.000000,8.000000,1.000000
马邮小包挂号分区,2,单票费,票,0.000000,2.000000,8.000000,1.000000
马邮小包挂号分区,3,单票费,票,0.000000,2.000000,8.000000,1.000000
马邮小包挂号分区,4,单票费,票,0.000000,2.000000,8.000000,1.000000
马邮小包挂号分区,5,单票费,票,0.000000,2.000000,8.000000,1.000000
马邮小包挂号分区,6,单票费,票,0.000000,2.000000,8.000000,1.000000
广州E邮宝线上分区NEW,1,单票费,票,0.000000,2.000000,10.000000,1.000000
广州E邮宝线上分区NEW,2,单票费,票,0.000000,2.000000,8.000000,1.000000
广州E邮宝线上分区NEW,3,单票费,票,0.000000,2.000000,19.000000,1.000000
广州E邮宝线上分区NEW,4,单票费,票,0.000000,2.000000,17.000000,1.000000
万邑通易递宝DHL,1,单票费,票,0.000000,2.000000,4.170000,1.000000
燕文中邮挂号,1,单票费,票,0.000000,2.000000,8.000000,1.000000
燕文中邮挂号,2,单票费,票,0.000000,2.000000,8.000000,1.000000
燕文中邮挂号,3,单票费,票,0.000000,2.000000,8.000000,1.000000
燕文中邮挂号,4,单票费,票,0.000000,2.000000,8.000000,1.000000
燕文中邮挂号,5,单票费,票,0.000000,2.000000,8.000000,1.000000
燕文中邮挂号,6,单票费,票,0.000000,2.000000,8.000000,1.000000
燕文中邮挂号,7,单票费,票,0.000000,2.000000,8.000000,1.000000
燕文中邮挂号,8,单票费,票,0.000000,2.000000,8.000000,1.000000
燕文中邮挂号,9,单票费,票,0.000000,2.000000,8.000000,1.000000
燕文中邮挂号,10,单票费,票,0.000000,2.000000,8.000000,1.000000
燕文中邮挂号,11,单票费,票,0.000000,2.000000,8.000000,1.000000
燕文中邮挂号,12,单票费,票,0.000000,2.000000,8.000000,1.000000
燕文中邮挂号,13,单票费,票,0.000000,2.000000,8.000000,1.000000
燕文中邮挂号,14,单票费,票,0.000000,2.000000,8.000000,1.000000
燕文中邮挂号,15,单票费,票,0.000000,2.000000,8.000000,1.000000
燕文中邮挂号,16,单票费,票,0.000000,2.000000,8.000000,1.000000
燕文中邮挂号,17,单票费,票,0.000000,2.000000,8.000000,1.000000
燕文中邮挂号,18,单票费,票,0.000000,2.000000,8.000000,1.000000
燕文中邮挂号,19,单票费,票,0.000000,2.000000,8.000000,1.000000
燕文中邮挂号,20,单票费,票,0.000000,2.000000,12.000000,1.000000
燕文中邮挂号,21,单票费,票,0.000000,2.000000,12.000000,1.000000
燕文中邮挂号,22,单票费,票,0.000000,2.000000,12.000000,1.000000
燕文中邮挂号,23,单票费,票,0.000000,2.000000,12.000000,1.000000
燕文中邮挂号,24,单票费,票,0.000000,2.000000,12.000000,1.000000
燕文中邮挂号,25,单票费,票,0.000000,2.000000,12.000000,1.000000
燕文中邮挂号,26,单票费,票,0.000000,2.000000,8.000000,1.000000
燕文中邮挂号,27,单票费,票,0.000000,2.000000,9.000000,1.000000
燕文中邮挂号,28,单票费,票,0.000000,2.000000,8.000000,1.000000
燕文中邮挂号,29,单票费,票,0.000000,2.000000,12.000000,1.000000
燕文中邮挂号,30,单票费,票,0.000000,2.000000,12.000000,1.000000
燕文中邮挂号,31,单票费,票,0.000000,2.000000,8.000000,1.000000
燕文中邮挂号,32,单票费,票,0.000000,2.000000,8.000000,1.000000
燕文中邮挂号,33,单票费,票,0.000000,2.000000,8.000000,1.000000
燕文中邮挂号,34,单票费,票,0.000000,2.000000,8.000000,1.000000
燕文中邮挂号,35,单票费,票,0.000000,2.000000,8.000000,1.000000
燕文中邮挂号,36,单票费,票,0.000000,2.000000,8.000000,1.000000
通邮宝英国挂号,1,单票费,票,0.000000,2.000000,18.000000,1.000000
通邮宝英国半程,1,单票费,票,0.000000,2.000000,8.000000,1.000000
递四方联邮通英国平邮48,1,单票费,票,0.000000,0.100000,6.160000,1.000000
递四方联邮通英国平邮48,1,单票费,票,0.100000,0.250000,8.190000,1.000000
递四方联邮通英国平邮48,1,单票费,票,0.250000,0.500000,9.070000,1.000000
递四方联邮通英国平邮48,1,单票费,票,0.500000,0.750000,9.120000,1.000000
递四方联邮通英国平邮24,1,单票费,票,0.000000,0.100000,7.480000,1.000000
递四方联邮通英国平邮24,1,单票费,票,0.100000,0.250000,10.120000,1.000000
递四方联邮通英国平邮24,1,单票费,票,0.250000,0.500000,11.880000,1.000000
递四方联邮通英国平邮24,1,单票费,票,0.500000,0.750000,11.940000,1.000000
UBI新西兰全程,1,单票费,票,0.000000,30.000000,16.050000,1.000000
UBI新西兰半程,1,单票费,票,0.000000,3.000000,8.000000,1.000000
UBI加拿大全程,1,单票费,票,0.000000,0.300000,27.350000,1.000000
UBI加拿大全程,1,单票费,票,0.300000,0.500000,29.000000,1.000000
UBI加拿大全程,1,单票费,票,0.500000,30.000000,35.000000,1.000000
递四方联邮通英国挂号经济,1,单票费,票,0.000000,3.000000,18.000000,1.000000
递四方联邮通英国挂号标准,1,单票费,票,0.000000,3.000000,18.000000,1.000000
瑞士小包平邮分区,1,单票费,票,0.000000,2.000000,6.000000,1.000000
瑞士小包平邮分区,2,单票费,票,0.000000,2.000000,5.500000,1.000000
瑞士小包平邮分区,3,单票费,票,0.000000,2.000000,5.000000,1.000000
瑞士小包平邮分区,4,单票费,票,0.000000,2.000000,17.000000,1.000000
瑞士小包平邮分区,5,单票费,票,0.000000,2.000000,18.000000,1.000000
瑞士小包平邮分区,6,单票费,票,0.000000,2.000000,7.000000,1.000000
瑞士小包平邮分区,7,单票费,票,0.000000,2.000000,14.500000,1.000000
瑞士小包平邮分区,8,单票费,票,0.000000,2.000000,5.000000,1.000000
瑞士小包平邮分区,9,单票费,票,0.000000,2.000000,5.000000,1.000000
瑞士小包平邮分区,10,单票费,票,0.000000,2.000000,4.500000,1.000000
瑞士小包平邮分区,11,单票费,票,0.000000,2.000000,6.000000,1.000000
瑞士小包平邮分区,12,单票费,票,0.000000,2.000000,5.000000,1.000000
瑞士小包平邮分区,13,单票费,票,0.000000,2.000000,14.000000,1.000000
瑞士小包平邮分区,14,单票费,票,0.000000,2.000000,17.000000,1.000000
瑞士小包平邮分区,15,单票费,票,0.000000,2.000000,14.000000,1.000000
瑞士小包平邮分区,16,单票费,票,0.000000,2.000000,17.000000,1.000000
瑞士小包平邮分区,17,单票费,票,0.000000,2.000000,18.000000,1.000000
瑞士小包平邮分区,18,单票费,票,0.000000,2.000000,20.000000,1.000000
瑞士小包平邮分区,19,单票费,票,0.000000,2.000000,18.000000,1.000000
瑞士小包平邮分区,20,单票费,票,0.000000,2.000000,22.000000,1.000000
瑞士小包平邮分区,21,单票费,票,0.000000,2.000000,5.000000,1.000000
瑞士小包平邮分区,22,单票费,票,0.000000,2.000000,6.000000,1.000000
瑞士小包平邮分区,23,单票费,票,0.000000,2.000000,6.000000,1.000000
瑞士小包平邮分区,24,单票费,票,0.000000,2.000000,6.000000,1.000000
瑞士小包平邮分区,25,单票费,票,0.000000,2.000000,4.500000,1.000000
瑞士小包平邮分区,26,单票费,票,0.000000,2.000000,5.000000,1.000000
瑞士小包平邮分区,27,单票费,票,0.000000,2.000000,5.000000,1.000000
瑞士小包平邮分区,28,单票费,票,0.000000,2.000000,6.000000,1.000000
瑞士小包平邮分区,29,单票费,票,0.000000,2.000000,5.000000,1.000000
瑞士小包平邮分区,30,单票费,票,0.000000,2.000000,21.000000,1.000000
瑞士小包平邮分区,31,单票费,票,0.000000,2.000000,6.000000,1.000000
瑞士小包平邮分区,32,单票费,票,0.000000,2.000000,5.000000,1.000000
瑞士小包平邮分区,33,单票费,票,0.000000,2.000000,5.000000,1.000000
瑞士小包平邮分区,34,单票费,票,0.000000,2.000000,6.000000,1.000000
瑞士小包平邮分区,35,单票费,票,0.000000,2.000000,2.500000,1.000000
瑞士小包平邮分区,36,单票费,票,0.000000,2.000000,2.500000,1.000000
瑞士小包平邮分区,37,单票费,票,0.000000,2.000000,2.500000,1.000000
瑞士小包平邮分区,38,单票费,票,0.000000,2.000000,5.500000,1.000000
瑞士小包平邮分区,39,单票费,票,0.000000,2.000000,6.000000,1.000000
瑞士小包平邮分区,40,单票费,票,0.000000,2.000000,2.000000,1.000000
瑞士小包平邮分区,41,单票费,票,0.000000,2.000000,2.500000,1.000000
瑞士小包平邮分区,42,单票费,票,0.000000,2.000000,5.000000,1.000000
瑞士小包平邮分区,43,单票费,票,0.000000,2.000000,3.000000,1.000000
瑞士小包平邮分区,44,单票费,票,0.000000,2.000000,5.000000,1.000000
瑞士小包平邮分区,45,单票费,票,0.000000,2.000000,2.500000,1.000000
瑞士小包平邮分区,46,单票费,票,0.000000,2.000000,4.500000,1.000000
瑞士小包平邮分区,47,单票费,票,0.000000,2.000000,2.000000,1.000000
瑞士小包平邮分区,48,单票费,票,0.000000,2.000000,4.500000,1.000000
瑞士小包平邮分区,49,单票费,票,0.000000,2.000000,4.500000,1.000000
瑞士小包平邮分区,50,单票费,票,0.000000,2.000000,4.500000,1.000000
瑞士小包平邮分区,51,单票费,票,0.000000,2.000000,4.500000,1.000000
瑞士小包平邮分区,52,单票费,票,0.000000,2.000000,4.500000,1.000000
瑞士小包平邮分区,53,单票费,票,0.000000,2.000000,4.500000,1.000000
瑞士小包平邮分区,54,单票费,票,0.000000,2.000000,4.500000,1.000000
瑞士小包平邮分区,55,单票费,票,0.000000,2.000000,4.500000,1.000000
瑞士小包平邮分区,56,单票费,票,0.000000,2.000000,4.500000,1.000000
瑞士小包平邮分区,57,单票费,票,0.000000,2.000000,4.500000,1.000000
瑞士小包平邮分区,58,单票费,票,0.000000,2.000000,4.500000,1.000000
瑞士小包平邮分区,59,单票费,票,0.000000,2.000000,4.500000,1.000000
瑞士小包平邮分区,60,单票费,票,0.000000,2.000000,4.500000,1.000000
瑞士小包平邮分区,61,单票费,票,0.000000,2.000000,5.000000,1.000000
瑞士小包平邮分区,62,单票费,票,0.000000,2.000000,15.000000,1.000000
瑞士小包平邮分区,63,单票费,票,0.000000,2.000000,3.000000,1.000000
瑞士小包平邮分区,64,单票费,票,0.000000,2.000000,4.500000,1.000000
瑞士小包平邮分区,65,单票费,票,0.000000,2.000000,2.500000,1.000000
瑞士小包平邮分区,66,单票费,票,0.000000,2.000000,2.500000,1.000000
瑞士小包平邮分区,67,单票费,票,0.000000,2.000000,2.500000,1.000000
瑞士小包平邮分区,68,单票费,票,0.000000,2.000000,2.500000,1.000000
瑞士小包平邮分区,69,单票费,票,0.000000,2.000000,4.500000,1.000000
瑞士小包平邮分区,70,单票费,票,0.000000,2.000000,4.500000,1.000000
瑞士小包平邮分区,71,单票费,票,0.000000,2.000000,4.500000,1.000000
瑞士小包挂号分区,1,单票费,票,0.000000,2.000000,17.500000,1.000000
瑞士小包挂号分区,2,单票费,票,0.000000,2.000000,12.500000,1.000000
瑞士小包挂号分区,3,单票费,票,0.000000,2.000000,14.000000,1.000000
瑞士小包挂号分区,4,单票费,票,0.000000,2.000000,29.000000,1.000000
瑞士小包挂号分区,5,单票费,票,0.000000,2.000000,30.000000,1.000000
瑞士小包挂号分区,6,单票费,票,0.000000,2.000000,18.000000,1.000000
瑞士小包挂号分区,7,单票费,票,0.000000,2.000000,27.000000,1.000000
瑞士小包挂号分区,8,单票费,票,0.000000,2.000000,14.000000,1.000000
瑞士小包挂号分区,9,单票费,票,0.000000,2.000000,14.000000,1.000000
瑞士小包挂号分区,10,单票费,票,0.000000,2.000000,14.000000,1.000000
瑞士小包挂号分区,11,单票费,票,0.000000,2.000000,18.000000,1.000000
瑞士小包挂号分区,12,单票费,票,0.000000,2.000000,16.500000,1.000000
瑞士小包挂号分区,13,单票费,票,0.000000,2.000000,25.500000,1.000000
瑞士小包挂号分区,14,单票费,票,0.000000,2.000000,28.500000,1.000000
瑞士小包挂号分区,15,单票费,票,0.000000,2.000000,26.000000,1.000000
瑞士小包挂号分区,16,单票费,票,0.000000,2.000000,27.500000,1.000000
瑞士小包挂号分区,17,单票费,票,0.000000,2.000000,29.500000,1.000000
瑞士小包挂号分区,18,单票费,票,0.000000,2.000000,30.000000,1.000000
瑞士小包挂号分区,19,单票费,票,0.000000,2.000000,27.000000,1.000000
瑞士小包挂号分区,20,单票费,票,0.000000,2.000000,27.000000,1.000000
瑞士小包挂号分区,21,单票费,票,0.000000,2.000000,17.500000,1.000000
瑞士小包挂号分区,22,单票费,票,0.000000,2.000000,17.500000,1.000000
瑞士小包挂号分区,23,单票费,票,0.000000,2.000000,12.500000,1.000000
瑞士小包挂号分区,24,单票费,票,0.000000,2.000000,18.000000,1.000000
瑞士小包挂号分区,25,单票费,票,0.000000,2.000000,14.000000,1.000000
瑞士小包挂号分区,26,单票费,票,0.000000,2.000000,17.000000,1.000000
瑞士小包挂号分区,27,单票费,票,0.000000,2.000000,18.500000,1.000000
瑞士小包挂号分区,28,单票费,票,0.000000,2.000000,19.000000,1.000000
瑞士小包挂号分区,29,单票费,票,0.000000,2.000000,18.500000,1.000000
瑞士小包挂号分区,30,单票费,票,0.000000,2.000000,34.000000,1.000000
瑞士小包挂号分区,31,单票费,票,0.000000,2.000000,14.500000,1.000000
瑞士小包挂号分区,32,单票费,票,0.000000,2.000000,18.000000,1.000000
瑞士小包挂号分区,33,单票费,票,0.000000,2.000000,18.000000,1.000000
瑞士小包挂号分区,34,单票费,票,0.000000,2.000000,19.000000,1.000000
瑞士小包挂号分区,35,单票费,票,0.000000,2.000000,15.500000,1.000000
瑞士小包挂号分区,36,单票费,票,0.000000,2.000000,10.500000,1.000000
瑞士小包挂号分区,37,单票费,票,0.000000,2.000000,15.500000,1.000000
瑞士小包挂号分区,38,单票费,票,0.000000,2.000000,15.500000,1.000000
瑞士小包挂号分区,39,单票费,票,0.000000,2.000000,19.000000,1.000000
瑞士小包挂号分区,40,单票费,票,0.000000,2.000000,15.500000,1.000000
瑞士小包挂号分区,41,单票费,票,0.000000,2.000000,15.500000,1.000000
瑞士小包挂号分区,42,单票费,票,0.000000,2.000000,15.500000,1.000000
瑞士小包挂号分区,43,单票费,票,0.000000,2.000000,15.500000,1.000000
瑞士小包挂号分区,44,单票费,票,0.000000,2.000000,18.000000,1.000000
瑞士小包挂号分区,45,单票费,票,0.000000,2.000000,15.500000,1.000000
瑞士小包挂号分区,46,单票费,票,0.000000,2.000000,15.500000,1.000000
瑞士小包挂号分区,47,单票费,票,0.000000,2.000000,15.500000,1.000000
瑞士小包挂号分区,48,单票费,票,0.000000,2.000000,15.500000,1.000000
瑞士小包挂号分区,49,单票费,票,0.000000,2.000000,15.500000,1.000000
瑞士小包挂号分区,50,单票费,票,0.000000,2.000000,15.500000,1.000000
瑞士小包挂号分区,51,单票费,票,0.000000,2.000000,15.500000,1.000000
瑞士小包挂号分区,52,单票费,票,0.000000,2.000000,15.500000,1.000000
瑞士小包挂号分区,53,单票费,票,0.000000,2.000000,15.500000,1.000000
瑞士小包挂号分区,54,单票费,票,0.000000,2.000000,15.500000,1.000000
瑞士小包挂号分区,55,单票费,票,0.000000,2.000000,15.500000,1.000000
瑞士小包挂号分区,56,单票费,票,0.000000,2.000000,15.500000,1.000000
瑞士小包挂号分区,57,单票费,票,0.000000,2.000000,15.500000,1.000000
瑞士小包挂号分区,58,单票费,票,0.000000,2.000000,15.500000,1.000000
瑞士小包挂号分区,59,单票费,票,0.000000,2.000000,18.000000,1.000000
瑞士小包挂号分区,60,单票费,票,0.000000,2.000000,16.500000,1.000000
瑞士小包挂号分区,61,单票费,票,0.000000,2.000000,18.500000,1.000000
瑞士小包挂号分区,62,单票费,票,0.000000,2.000000,28.000000,1.000000
瑞士小包挂号分区,63,单票费,票,0.000000,2.000000,15.500000,1.000000
瑞士小包挂号分区,64,单票费,票,0.000000,2.000000,15.500000,1.000000
瑞士小包挂号分区,65,单票费,票,0.000000,2.000000,15.500000,1.000000
瑞士小包挂号分区,66,单票费,票,0.000000,2.000000,15.500000,1.000000
瑞士小包挂号分区,67,单票费,票,0.000000,2.000000,15.500000,1.000000
瑞士小包挂号分区,68,单票费,票,0.000000,2.000000,15.500000,1.000000
瑞士小包挂号分区,69,单票费,票,0.000000,2.000000,15.500000,1.000000
瑞士小包挂号分区,70,单票费,票,0.000000,2.000000,15.500000,1.000000
瑞士小包挂号分区,71,单票费,票,0.000000,2.000000,15.500000,1.000000
荷兰平邮分区,1,单票费,票,0.000000,2.000000,7.100000,1.000000
荷兰平邮分区,2,单票费,票,0.000000,2.000000,11.900000,1.000000
荷兰平邮分区,3,单票费,票,0.000000,2.000000,7.400000,1.000000
荷兰平邮分区,4,单票费,票,0.000000,2.000000,6.200000,1.000000
荷兰平邮分区,5,单票费,票,0.000000,2.000000,15.500000,1.000000
荷兰平邮分区,6,单票费,票,0.000000,2.000000,7.100000,1.000000
荷兰平邮分区,7,单票费,票,0.000000,2.000000,7.100000,1.000000
荷兰平邮分区,8,单票费,票,0.000000,2.000000,7.100000,1.000000
荷兰平邮分区,9,单票费,票,0.000000,2.000000,9.000000,1.000000
荷兰平邮分区,10,单票费,票,0.000000,2.000000,8.600000,1.000000
荷兰平邮分区,11,单票费,票,0.000000,2.000000,7.900000,1.000000
荷兰平邮分区,12,单票费,票,0.000000,2.000000,8.200000,1.000000
荷兰平邮分区,13,单票费,票,0.000000,2.000000,12.300000,1.000000
荷兰平邮分区,14,单票费,票,0.000000,2.000000,8.600000,1.000000
荷兰平邮分区,15,单票费,票,0.000000,2.000000,7.300000,1.000000
荷兰平邮分区,16,单票费,票,0.000000,2.000000,7.100000,1.000000
荷兰平邮分区,17,单票费,票,0.000000,2.000000,6.900000,1.000000
荷兰平邮分区,18,单票费,票,0.000000,2.000000,8.600000,1.000000
荷兰平邮分区,19,单票费,票,0.000000,2.000000,8.600000,1.000000
荷兰平邮分区,20,单票费,票,0.000000,2.000000,7.500000,1.000000
荷兰平邮分区,21,单票费,票,0.000000,2.000000,8.800000,1.000000
荷兰平邮分区,22,单票费,票,0.000000,2.000000,8.600000,1.000000
荷兰平邮分区,23,单票费,票,0.000000,2.000000,8.600000,1.000000
荷兰平邮分区,24,单票费,票,0.000000,2.000000,6.400000,1.000000
荷兰平邮分区,25,单票费,票,0.000000,2.000000,6.900000,1.000000
荷兰平邮分区,26,单票费,票,0.000000,2.000000,6.900000,1.000000
荷兰平邮分区,27,单票费,票,0.000000,2.000000,8.600000,1.000000
荷兰平邮分区,28,单票费,票,0.000000,2.000000,6.900000,1.000000
荷兰平邮分区,29,单票费,票,0.000000,2.000000,0.500000,1.000000
荷兰平邮分区,30,单票费,票,0.000000,2.000000,0.500000,1.000000
荷兰平邮分区,31,单票费,票,0.000000,2.000000,0.500000,1.000000
荷兰平邮分区,32,单票费,票,0.000000,2.000000,17.900000,1.000000
荷兰平邮分区,33,单票费,票,0.000000,2.000000,3.900000,1.000000
荷兰平邮分区,34,单票费,票,0.000000,2.000000,0.500000,1.000000
荷兰平邮分区,35,单票费,票,0.000000,2.000000,8.600000,1.000000
荷兰平邮分区,36,单票费,票,0.000000,2.000000,0.500000,1.000000
荷兰平邮分区,37,单票费,票,0.000000,2.000000,0.500000,1.000000
荷兰平邮分区,38,单票费,票,0.000000,2.000000,0.500000,1.000000
荷兰平邮分区,39,单票费,票,0.000000,2.000000,0.500000,1.000000
荷兰平邮分区,40,单票费,票,0.000000,2.000000,0.500000,1.000000
荷兰平邮分区,41,单票费,票,0.000000,2.000000,7.100000,1.000000
荷兰平邮分区,42,单票费,票,0.000000,2.000000,0.500000,1.000000
荷兰平邮分区,43,单票费,票,0.000000,2.000000,7.100000,1.000000
荷兰平邮分区,44,单票费,票,0.000000,2.000000,7.100000,1.000000
荷兰平邮分区,45,单票费,票,0.000000,2.000000,8.600000,1.000000
荷兰平邮分区,46,单票费,票,0.000000,2.000000,8.600000,1.000000
荷兰平邮分区,47,单票费,票,0.000000,2.000000,8.600000,1.000000
荷兰平邮分区,48,单票费,票,0.000000,2.000000,7.100000,1.000000
荷兰平邮分区,49,单票费,票,0.000000,2.000000,8.600000,1.000000
荷兰平邮分区,50,单票费,票,0.000000,2.000000,28.900000,1.000000
荷兰平邮分区,51,单票费,票,0.000000,2.000000,7.300000,1.000000
荷兰平邮分区,52,单票费,票,0.000000,2.000000,8.600000,1.000000
荷兰平邮分区,53,单票费,票,0.000000,2.000000,31.900000,1.000000
荷兰平邮分区,54,单票费,票,0.000000,2.000000,0.500000,1.000000
荷兰平邮分区,55,单票费,票,0.000000,2.000000,0.500000,1.000000
荷兰平邮分区,56,单票费,票,0.000000,2.000000,0.500000,1.000000
荷兰平邮分区,57,单票费,票,0.000000,2.000000,0.500000,1.000000
荷兰平邮分区,58,单票费,票,0.000000,2.000000,0.500000,1.000000
荷兰平邮分区,59,单票费,票,0.000000,2.000000,0.500000,1.000000
荷兰平邮分区,60,单票费,票,0.000000,2.000000,0.500000,1.000000
荷兰平邮分区,61,单票费,票,0.000000,2.000000,0.500000,1.000000
荷兰平邮分区,62,单票费,票,0.000000,2.000000,0.500000,1.000000
荷兰挂号分区,1,单票费,票,0.000000,2.000000,13.500000,1.000000
荷兰挂号分区,2,单票费,票,0.000000,2.000000,18.500000,1.000000
荷兰挂号分区,3,单票费,票,0.000000,2.000000,19.500000,1.000000
荷兰挂号分区,4,单票费,票,0.000000,2.000000,24.500000,1.000000
荷兰挂号分区,5,单票费,票,0.000000,2.000000,23.500000,1.000000
荷兰挂号分区,6,单票费,票,0.000000,2.000000,13.500000,1.000000
荷兰挂号分区,7,单票费,票,0.000000,2.000000,13.500000,1.000000
荷兰挂号分区,8,单票费,票,0.000000,2.000000,13.500000,1.000000
荷兰挂号分区,9,单票费,票,0.000000,2.000000,15.500000,1.000000
荷兰挂号分区,10,单票费,票,0.000000,2.000000,14.500000,1.000000
荷兰挂号分区,11,单票费,票,0.000000,2.000000,14.500000,1.000000
荷兰挂号分区,12,单票费,票,0.000000,2.000000,22.500000,1.000000
荷兰挂号分区,13,单票费,票,0.000000,2.000000,26.500000,1.000000
荷兰挂号分区,14,单票费,票,0.000000,2.000000,14.500000,1.000000
荷兰挂号分区,15,单票费,票,0.000000,2.000000,13.500000,1.000000
荷兰挂号分区,16,单票费,票,0.000000,2.000000,13.500000,1.000000
荷兰挂号分区,17,单票费,票,0.000000,2.000000,13.500000,1.000000
荷兰挂号分区,18,单票费,票,0.000000,2.000000,21.500000,1.000000
荷兰挂号分区,19,单票费,票,0.000000,2.000000,22.500000,1.000000
荷兰挂号分区,20,单票费,票,0.000000,2.000000,13.500000,1.000000
荷兰挂号分区,21,单票费,票,0.000000,2.000000,15.500000,1.000000
荷兰挂号分区,22,单票费,票,0.000000,2.000000,14.500000,1.000000
荷兰挂号分区,23,单票费,票,0.000000,2.000000,14.500000,1.000000
荷兰挂号分区,24,单票费,票,0.000000,2.000000,12.500000,1.000000
荷兰挂号分区,25,单票费,票,0.000000,2.000000,13.500000,1.000000
荷兰挂号分区,26,单票费,票,0.000000,2.000000,13.500000,1.000000
荷兰挂号分区,27,单票费,票,0.000000,2.000000,14.500000,1.000000
荷兰挂号分区,28,单票费,票,0.000000,2.000000,13.500000,1.000000
荷兰挂号分区,29,单票费,票,0.000000,2.000000,13.500000,1.000000
荷兰挂号分区,30,单票费,票,0.000000,2.000000,13.500000,1.000000
荷兰挂号分区,31,单票费,票,0.000000,2.000000,13.500000,1.000000
荷兰挂号分区,32,单票费,票,0.000000,2.000000,26.500000,1.000000
荷兰挂号分区,33,单票费,票,0.000000,2.000000,13.500000,1.000000
荷兰挂号分区,34,单票费,票,0.000000,2.000000,13.500000,1.000000
荷兰挂号分区,35,单票费,票,0.000000,2.000000,17.500000,1.000000
荷兰挂号分区,36,单票费,票,0.000000,2.000000,13.500000,1.000000
荷兰挂号分区,37,单票费,票,0.000000,2.000000,13.500000,1.000000
荷兰挂号分区,38,单票费,票,0.000000,2.000000,13.500000,1.000000
荷兰挂号分区,39,单票费,票,0.000000,2.000000,13.500000,1.000000
荷兰挂号分区,40,单票费,票,0.000000,2.000000,13.500000,1.000000
荷兰挂号分区,41,单票费,票,0.000000,2.000000,16.500000,1.000000
荷兰挂号分区,42,单票费,票,0.000000,2.000000,13.500000,1.000000
荷兰挂号分区,43,单票费,票,0.000000,2.000000,16.500000,1.000000
荷兰挂号分区,44,单票费,票,0.000000,2.000000,16.500000,1.000000
荷兰挂号分区,45,单票费,票,0.000000,2.000000,17.500000,1.000000
荷兰挂号分区,46,单票费,票,0.000000,2.000000,17.500000,1.000000
荷兰挂号分区,47,单票费,票,0.000000,2.000000,17.500000,1.000000
荷兰挂号分区,48,单票费,票,0.000000,2.000000,16.500000,1.000000
荷兰挂号分区,49,单票费,票,0.000000,2.000000,17.500000,1.000000
荷兰挂号分区,50,单票费,票,0.000000,2.000000,37.500000,1.000000
荷兰挂号分区,51,单票费,票,0.000000,2.000000,20.500000,1.000000
荷兰挂号分区,52,单票费,票,0.000000,2.000000,17.500000,1.000000
荷兰挂号分区,53,单票费,票,0.000000,2.000000,40.500000,1.000000
荷兰挂号分区,54,单票费,票,0.000000,2.000000,13.500000,1.000000
荷兰挂号分区,55,单票费,票,0.000000,2.000000,13.500000,1.000000
荷兰挂号分区,56,单票费,票,0.000000,2.000000,13.500000,1.000000
荷兰挂号分区,57,单票费,票,0.000000,2.000000,13.500000,1.000000
荷兰挂号分区,58,单票费,票,0.000000,2.000000,13.500000,1.000000
荷兰挂号分区,59,单票费,票,0.000000,2.000000,13.500000,1.000000
荷兰挂号分区,60,单票费,票,0.000000,2.000000,13.500000,1.000000
荷兰挂号分区,61,单票费,票,0.000000,2.000000,13.500000,1.000000
荷兰挂号分区,62,单票费,票,0.000000,2.000000,13.500000,1.000000
深圳E邮宝线下分区NEW,1,单票费,票,0.000000,2.000000,10.000000,1.000000
深圳E邮宝线下分区NEW,2,单票费,票,0.000000,2.000000,19.000000,1.000000
深圳E邮宝线下分区NEW,3,单票费,票,0.000000,2.000000,10.000000,1.000000
深圳E邮宝线下分区NEW,4,单票费,票,0.000000,2.000000,17.000000,1.000000
深圳E邮宝线下分区NEW,5,单票费,票,0.000000,2.000000,19.000000,1.000000
深圳E邮宝线下分区NEW,6,单票费,票,0.000000,2.000000,26.000000,1.000000
深圳E邮宝线下分区NEW,7,单票费,票,0.000000,2.000000,8.000000,1.000000
深圳E邮宝线下分区NEW,8,单票费,票,0.000000,2.000000,17.000000,1.000000
深圳E邮宝线下分区NEW,9,单票费,票,0.000000,2.000000,22.000000,1.000000
深圳E邮宝线下分区NEW,10,单票费,票,0.000000,2.000000,22.000000,1.000000
深圳E邮宝线下分区NEW,11,单票费,票,0.000000,2.000000,22.000000,1.000000
深圳E邮宝线下分区NEW,12,单票费,票,0.000000,2.000000,22.000000,1.000000
深圳E邮宝线下分区NEW,13,单票费,票,0.000000,2.000000,9.000000,1.000000
深圳E邮宝线下分区NEW,14,单票费,票,0.000000,2.000000,22.000000,1.000000
深圳E邮宝线下分区NEW,15,单票费,票,0.000000,2.000000,17.000000,1.000000
深圳E邮宝线下分区NEW,16,单票费,票,0.000000,2.000000,14.000000,1.000000
深圳E邮宝线下分区NEW,17,单票费,票,0.000000,2.000000,12.000000,1.000000
万邑通易递宝马邮平邮,1,单票费,票,0.071000,2.000000,2.600000,1.000000
万邑通易递宝马邮平邮,2,单票费,票,0.071000,2.000000,2.600000,1.000000
万邑通易递宝马邮平邮,3,单票费,票,0.071000,2.000000,2.600000,1.000000
万邑通易递宝马邮平邮,4,单票费,票,0.071000,2.000000,2.600000,1.000000
万邑通易递宝马邮平邮,5,单票费,票,0.071000,2.000000,2.600000,1.000000
万邑通易递宝马邮平邮,6,单票费,票,0.071000,2.000000,2.600000,1.000000
万邑通易递宝马邮平邮,7,单票费,票,0.071000,2.000000,2.600000,1.000000
万邑通易递宝马邮平邮,8,单票费,票,0.071000,2.000000,2.600000,1.000000
万邑通易递宝马邮平邮,9,单票费,票,0.071000,2.000000,2.600000,1.000000
万邑通易递宝马邮平邮,10,单票费,票,0.071000,2.000000,2.600000,1.000000
万邑通易递宝马邮平邮,11,单票费,票,0.071000,2.000000,2.600000,1.000000
万邑通易递宝马邮平邮,12,单票费,票,0.071000,2.000000,2.600000,1.000000
万邑通易递宝马邮平邮,13,单票费,票,0.071000,2.000000,2.600000,1.000000
万邑通易递宝马邮平邮,14,单票费,票,0.071000,2.000000,2.600000,1.000000
万邑通易递宝马邮平邮,15,单票费,票,0.071000,2.000000,2.600000,1.000000
万邑通易递宝马邮平邮,16,单票费,票,0.071000,2.000000,2.600000,1.000000
万邑通易递宝马邮平邮,17,单票费,票,0.071000,2.000000,2.600000,1.000000
万邑通易递宝马邮平邮,18,单票费,票,0.071000,2.000000,2.600000,1.000000
万邑通易递宝马邮平邮,19,单票费,票,0.071000,2.000000,2.600000,1.000000
万邑通易递宝马邮平邮,20,单票费,票,0.071000,2.000000,2.600000,1.000000
万邑通易递宝马邮平邮,21,单票费,票,0.071000,2.000000,2.600000,1.000000
万邑通易递宝马邮平邮,23,单票费,票,0.071000,2.000000,2.600000,1.000000
万邑通易递宝马邮平邮,24,单票费,票,0.071000,2.000000,2.600000,1.000000
通邮老挝平邮A,1,单票费,票,0.000000,2.000000,0.600000,1.000000
通邮老挝平邮A,2,单票费,票,0.000000,2.000000,0.600000,1.000000
通邮老挝平邮A,3,单票费,票,0.000000,2.000000,0.600000,1.000000
通邮老挝平邮A,4,单票费,票,0.000000,2.000000,0.600000,1.000000
通邮老挝平邮A,5,单票费,票,0.000000,2.000000,0.600000,1.000000
通邮老挝平邮A,6,单票费,票,0.000000,2.000000,0.600000,1.000000
通邮老挝平邮A,7,单票费,票,0.000000,2.000000,0.600000,1.000000
通邮老挝平邮A,8,单票费,票,0.000000,2.000000,0.600000,1.000000
通邮老挝平邮A,9,单票费,票,0.000000,2.000000,0.600000,1.000000
通邮老挝平邮A,10,单票费,票,0.000000,2.000000,0.600000,1.000000
通邮老挝平邮A,11,单票费,票,0.000000,2.000000,0.600000,1.000000
通邮老挝平邮A,12,单票费,票,0.000000,2.000000,0.600000,1.000000
通邮老挝平邮A,13,单票费,票,0.000000,2.000000,0.600000,1.000000
通邮老挝平邮A,14,单票费,票,0.000000,2.000000,0.600000,1.000000
通邮老挝平邮A,15,单票费,票,0.000000,2.000000,0.600000,1.000000
通邮老挝平邮A,16,单票费,票,0.000000,2.000000,0.600000,1.000000
通邮老挝平邮A,17,单票费,票,0.000000,2.000000,0.600000,1.000000
通邮老挝平邮A,18,单票费,票,0.000000,2.000000,0.600000,1.000000
通邮老挝平邮A,19,单票费,票,0.000000,2.000000,0.600000,1.000000
通邮老挝平邮A,20,单票费,票,0.000000,2.000000,0.600000,1.000000
通邮老挝平邮A,21,单票费,票,0.000000,2.000000,0.600000,1.000000
通邮老挝平邮A,22,单票费,票,0.000000,2.000000,0.600000,1.000000
通邮老挝平邮A,23,单票费,票,0.000000,2.000000,0.600000,1.000000
通邮老挝平邮A,24,单票费,票,0.000000,2.000000,0.600000,1.000000
通邮老挝平邮A,25,单票费,票,0.000000,2.000000,0.600000,1.000000
通邮老挝平邮A,26,单票费,票,0.000000,2.000000,0.600000,1.000000
通邮老挝平邮A,27,单票费,票,0.000000,2.000000,0.600000,1.000000
通邮老挝平邮A,28,单票费,票,0.000000,2.000000,0.600000,1.000000
通邮老挝平邮A,29,单票费,票,0.000000,2.000000,0.600000,1.000000
通邮老挝平邮A,30,单票费,票,0.000000,2.000000,0.600000,1.000000
通邮老挝平邮A,31,单票费,票,0.000000,2.000000,0.600000,1.000000
通邮老挝平邮A,32,单票费,票,0.000000,2.000000,0.600000,1.000000
通邮老挝平邮A,33,单票费,票,0.000000,2.000000,0.600000,1.000000
通邮老挝平邮A,34,单票费,票,0.000000,2.000000,0.600000,1.000000
通邮老挝平邮A,35,单票费,票,0.000000,2.000000,0.600000,1.000000
通邮老挝平邮A,36,单票费,票,0.000000,2.000000,0.600000,1.000000
通邮老挝平邮A,37,单票费,票,0.000000,2.000000,0.600000,1.000000
通邮老挝平邮A,38,单票费,票,0.000000,2.000000,0.600000,1.000000
通邮老挝平邮A,39,单票费,票,0.000000,2.000000,0.600000,1.000000
通邮老挝平邮A,40,单票费,票,0.000000,2.000000,0.600000,1.000000
通邮老挝平邮A,41,单票费,票,0.000000,2.000000,0.600000,1.000000
通邮老挝平邮A,42,单票费,票,0.000000,2.000000,0.600000,1.000000
通邮老挝平邮A,43,单票费,票,0.000000,2.000000,0.600000,1.000000
通邮老挝平邮A,44,单票费,票,0.000000,2.000000,0.600000,1.000000
通邮老挝平邮A,45,单票费,票,0.000000,2.000000,0.600000,1.000000
通邮老挝平邮A,46,单票费,票,0.000000,2.000000,0.600000,1.000000
通邮老挝平邮A,47,单票费,票,0.000000,2.000000,0.600000,1.000000
通邮老挝平邮A,48,单票费,票,0.000000,2.000000,0.600000,1.000000
通邮老挝平邮A,49,单票费,票,0.000000,2.000000,0.600000,1.000000
通邮老挝平邮A,50,单票费,票,0.000000,2.000000,0.600000,1.000000
通邮老挝平邮A,51,单票费,票,0.000000,2.000000,0.600000,1.000000
通邮老挝平邮A,52,单票费,票,0.000000,2.000000,0.600000,1.000000
通邮老挝平邮A,53,单票费,票,0.000000,2.000000,0.600000,1.000000
通邮老挝平邮A,54,单票费,票,0.000000,2.000000,0.600000,1.000000
通邮老挝平邮A,55,单票费,票,0.000000,2.000000,0.600000,1.000000
通邮老挝平邮A,56,单票费,票,0.000000,2.000000,0.600000,1.000000
通邮老挝平邮A,57,单票费,票,0.000000,2.000000,0.600000,1.000000
通邮老挝平邮A,58,单票费,票,0.000000,2.000000,0.600000,1.000000
通邮老挝平邮A,59,单票费,票,0.000000,2.000000,0.600000,1.000000
通邮老挝平邮A,60,单票费,票,0.000000,2.000000,0.600000,1.000000
通邮老挝平邮A,61,单票费,票,0.000000,2.000000,0.600000,1.000000
通邮老挝平邮A,62,单票费,票,0.000000,2.000000,0.600000,1.000000
通邮老挝平邮A,63,单票费,票,0.000000,2.000000,0.600000,1.000000
通邮老挝平邮A,64,单票费,票,0.000000,2.000000,0.600000,1.000000
通邮老挝平邮A,65,单票费,票,0.000000,2.000000,0.600000,1.000000
通邮老挝平邮A,66,单票费,票,0.000000,2.000000,0.600000,1.000000
通邮老挝挂号,1,单票费,票,0.000000,2.000000,10.000000,1.000000
通邮老挝挂号,2,单票费,票,0.000000,2.000000,10.000000,1.000000
通邮老挝挂号,3,单票费,票,0.000000,2.000000,10.000000,1.000000
通邮老挝挂号,4,单票费,票,0.000000,2.000000,10.000000,1.000000
通邮老挝挂号,5,单票费,票,0.000000,2.000000,10.000000,1.000000
通邮老挝挂号,6,单票费,票,0.000000,2.000000,10.000000,1.000000
通邮老挝挂号,7,单票费,票,0.000000,2.000000,10.000000,1.000000
通邮老挝挂号,8,单票费,票,0.000000,2.000000,10.000000,1.000000
通邮老挝挂号,9,单票费,票,0.000000,2.000000,10.000000,1.000000
通邮老挝挂号,10,单票费,票,0.000000,2.000000,10.000000,1.000000
通邮老挝挂号,11,单票费,票,0.000000,2.000000,10.000000,1.000000
通邮老挝挂号,12,单票费,票,0.000000,2.000000,10.000000,1.000000
通邮老挝挂号,13,单票费,票,0.000000,2.000000,10.000000,1.000000
通邮老挝挂号,14,单票费,票,0.000000,2.000000,10.000000,1.000000
通邮老挝挂号,15,单票费,票,0.000000,2.000000,10.000000,1.000000
通邮老挝挂号,16,单票费,票,0.000000,2.000000,10.000000,1.000000
通邮老挝挂号,17,单票费,票,0.000000,2.000000,10.000000,1.000000
通邮老挝挂号,18,单票费,票,0.000000,2.000000,10.000000,1.000000
通邮老挝挂号,19,单票费,票,0.000000,2.000000,10.000000,1.000000
通邮老挝挂号,20,单票费,票,0.000000,2.000000,10.000000,1.000000
通邮老挝挂号,21,单票费,票,0.000000,2.000000,10.000000,1.000000
通邮老挝挂号,22,单票费,票,0.000000,2.000000,10.000000,1.000000
深圳邮政小包挂号分区,1,单票费,票,0.000000,2.000000,8.000000,1.000000
深圳邮政小包挂号分区,2,单票费,票,0.000000,2.000000,8.000000,1.000000
深圳邮政小包挂号分区,3,单票费,票,0.000000,2.000000,8.000000,1.000000
深圳邮政小包挂号分区,4,单票费,票,0.000000,2.000000,8.000000,1.000000
深圳邮政小包挂号分区,5,单票费,票,0.000000,2.000000,8.000000,1.000000
深圳邮政小包挂号分区,6,单票费,票,0.000000,2.000000,8.000000,1.000000
深圳邮政小包挂号分区,7,单票费,票,0.000000,2.000000,8.000000,1.000000
深圳邮政小包挂号分区,8,单票费,票,0.000000,2.000000,8.000000,1.000000
深圳邮政小包挂号分区,9,单票费,票,0.000000,2.000000,8.000000,1.000000
深圳邮政小包挂号分区,10,单票费,票,0.000000,2.000000,8.000000,1.000000
深圳邮政小包挂号分区,12,单票费,票,0.000000,2.000000,8.000000,1.000000
深圳E邮宝线上分区NEW,1,单票费,票,0.000000,2.000000,10.000000,1.000000
深圳E邮宝线上分区NEW,2,单票费,票,0.000000,2.000000,8.000000,1.000000
深圳E邮宝线上分区NEW,3,单票费,票,0.000000,2.000000,19.000000,1.000000
深圳E邮宝线上分区NEW,4,单票费,票,0.000000,2.000000,17.000000,1.000000
深圳E邮宝含电分区NEW,1,单票费,票,0.000000,2.000000,10.000000,1.000000
深圳E邮宝含电分区NEW,2,单票费,票,0.000000,2.000000,8.000000,1.000000
深圳E邮宝含电分区NEW,3,单票费,票,0.000000,2.000000,19.000000,1.000000
深圳E邮宝含电分区NEW,4,单票费,票,0.000000,2.000000,17.000000,1.000000
通邮老挝平邮B,1,单票费,票,0.000000,2.000000,0.600000,1.000000
通邮老挝平邮B,2,单票费,票,0.000000,2.000000,0.600000,1.000000
通邮老挝平邮B,3,单票费,票,0.000000,2.000000,0.600000,1.000000
